function,family,registered_theorem,libc_condition,review_status,review_evidence,remaining_review
simplicity_verify,core,C.jet_verify_layout.verify_local_spec,,pending-evidence-cross-reference,,"Attach canonical program/type/domain comparison, expanded final contract and derivation of all intermediate execution/output premises"
simplicity_low_1,core,C.jet_constant_layout.low1_local_spec,,pending-evidence-cross-reference,,"Attach canonical program/type/domain comparison, expanded final contract and derivation of all intermediate execution/output premises"
simplicity_low_8,core,C.jet_constant_layout.low8_local_spec,,pending-evidence-cross-reference,,"Attach canonical program/type/domain comparison, expanded final contract and derivation of all intermediate execution/output premises"
simplicity_low_16,core,C.jet_constant_layout.low16_local_spec,,pending-evidence-cross-reference,,"Attach canonical program/type/domain comparison, expanded final contract and derivation of all intermediate execution/output premises"
simplicity_low_32,core,C.jet_constant_layout.low32_local_spec,,pending-evidence-cross-reference,,"Attach canonical program/type/domain comparison, expanded final contract and derivation of all intermediate execution/output premises"
simplicity_low_64,core,C.jet_constant_layout.low64_local_spec,,pending-evidence-cross-reference,,"Attach canonical program/type/domain comparison, expanded final contract and derivation of all intermediate execution/output premises"
simplicity_high_1,core,C.jet_constant_layout.high1_local_spec,,pending-evidence-cross-reference,,"Attach canonical program/type/domain comparison, expanded final contract and derivation of all intermediate execution/output premises"
simplicity_high_8,core,C.jet_constant_layout.high8_local_spec,,pending-evidence-cross-reference,,"Attach canonical program/type/domain comparison, expanded final contract and derivation of all intermediate execution/output premises"
simplicity_high_16,core,C.jet_constant_layout.high16_local_spec,,pending-evidence-cross-reference,,"Attach canonical program/type/domain comparison, expanded final contract and derivation of all intermediate execution/output premises"
simplicity_high_32,core,C.jet_constant_layout.high32_local_spec,,pending-evidence-cross-reference,,"Attach canonical program/type/domain comparison, expanded final contract and derivation of all intermediate execution/output premises"
simplicity_high_64,core,C.jet_constant_layout.high64_local_spec,,pending-evidence-cross-reference,,"Attach canonical program/type/domain comparison, expanded final contract and derivation of all intermediate execution/output premises"
simplicity_complement_1,core,C.jet_complement1_layout.complement1_local_spec,,pending-evidence-cross-reference,,"Attach canonical program/type/domain comparison, expanded final contract and derivation of all intermediate execution/output premises"
simplicity_complement_8,core,C.jet_complement8_layout.complement8_local_spec,,pending-evidence-cross-reference,,"Attach canonical program/type/domain comparison, expanded final contract and derivation of all intermediate execution/output premises"
simplicity_complement_16,core,C.jet_complement_wide_layout.complement16_local_spec,,pending-evidence-cross-reference,,"Attach canonical program/type/domain comparison, expanded final contract and derivation of all intermediate execution/output premises"
simplicity_complement_32,core,C.jet_complement_wide_layout.complement32_local_spec,,pending-evidence-cross-reference,,"Attach canonical program/type/domain comparison, expanded final contract and derivation of all intermediate execution/output premises"
simplicity_complement_64,core,C.jet_complement_wide_layout.complement64_local_spec,,pending-evidence-cross-reference,,"Attach canonical program/type/domain comparison, expanded final contract and derivation of all intermediate execution/output premises"
simplicity_and_1,core,C.jet_binary1_layout.and1_local_spec,,pending-evidence-cross-reference,,"Attach canonical program/type/domain comparison, expanded final contract and derivation of all intermediate execution/output premises"
simplicity_and_8,core,C.jet_binary8_layout.and8_local_spec,,pending-evidence-cross-reference,,"Attach canonical program/type/domain comparison, expanded final contract and derivation of all intermediate execution/output premises"
simplicity_and_16,core,C.jet_binary_wide_layout.and16_local_spec,,pending-evidence-cross-reference,,"Attach canonical program/type/domain comparison, expanded final contract and derivation of all intermediate execution/output premises"
simplicity_and_32,core,C.jet_binary_wide_layout.and32_local_spec,,pending-evidence-cross-reference,,"Attach canonical program/type/domain comparison, expanded final contract and derivation of all intermediate execution/output premises"
simplicity_and_64,core,C.jet_binary_wide_layout.and64_local_spec,,pending-evidence-cross-reference,,"Attach canonical program/type/domain comparison, expanded final contract and derivation of all intermediate execution/output premises"
simplicity_or_1,core,C.jet_binary1_layout.or1_local_spec,,pending-evidence-cross-reference,,"Attach canonical program/type/domain comparison, expanded final contract and derivation of all intermediate execution/output premises"
simplicity_or_8,core,C.jet_binary8_layout.or8_local_spec,,pending-evidence-cross-reference,,"Attach canonical program/type/domain comparison, expanded final contract and derivation of all intermediate execution/output premises"
simplicity_or_16,core,C.jet_binary_wide_layout.or16_local_spec,,pending-evidence-cross-reference,,"Attach canonical program/type/domain comparison, expanded final contract and derivation of all intermediate execution/output premises"
simplicity_or_32,core,C.jet_binary_wide_layout.or32_local_spec,,pending-evidence-cross-reference,,"Attach canonical program/type/domain comparison, expanded final contract and derivation of all intermediate execution/output premises"
simplicity_or_64,core,C.jet_binary_wide_layout.or64_local_spec,,pending-evidence-cross-reference,,"Attach canonical program/type/domain comparison, expanded final contract and derivation of all intermediate execution/output premises"
simplicity_xor_1,core,C.jet_binary1_layout.xor1_local_spec,,pending-evidence-cross-reference,,"Attach canonical program/type/domain comparison, expanded final contract and derivation of all intermediate execution/output premises"
simplicity_xor_8,core,C.jet_binary8_layout.xor8_local_spec,,pending-evidence-cross-reference,,"Attach canonical program/type/domain comparison, expanded final contract and derivation of all intermediate execution/output premises"
simplicity_xor_16,core,C.jet_binary_wide_layout.xor16_local_spec,,pending-evidence-cross-reference,,"Attach canonical program/type/domain comparison, expanded final contract and derivation of all intermediate execution/output premises"
simplicity_xor_32,core,C.jet_binary_wide_layout.xor32_local_spec,,pending-evidence-cross-reference,,"Attach canonical program/type/domain comparison, expanded final contract and derivation of all intermediate execution/output premises"
simplicity_xor_64,core,C.jet_binary_wide_layout.xor64_local_spec,,pending-evidence-cross-reference,,"Attach canonical program/type/domain comparison, expanded final contract and derivation of all intermediate execution/output premises"
simplicity_maj_1,core,C.jet_ternary1_layout.maj1_local_spec,,pending-evidence-cross-reference,,"Attach canonical program/type/domain comparison, expanded final contract and derivation of all intermediate execution/output premises"
simplicity_maj_8,core,C.jet_ternary8_layout.maj8_local_spec,,pending-evidence-cross-reference,,"Attach canonical program/type/domain comparison, expanded final contract and derivation of all intermediate execution/output premises"
simplicity_maj_16,core,C.jet_ternary_wide_layout.maj16_local_spec,,pending-evidence-cross-reference,,"Attach canonical program/type/domain comparison, expanded final contract and derivation of all intermediate execution/output premises"
simplicity_maj_32,core,C.jet_ternary_wide_layout.maj32_local_spec,,pending-evidence-cross-reference,,"Attach canonical program/type/domain comparison, expanded final contract and derivation of all intermediate execution/output premises"
simplicity_maj_64,core,C.jet_ternary_wide_layout.maj64_local_spec,,pending-evidence-cross-reference,,"Attach canonical program/type/domain comparison, expanded final contract and derivation of all intermediate execution/output premises"
simplicity_xor_xor_1,core,C.jet_ternary1_layout.xor_xor1_local_spec,,pending-evidence-cross-reference,,"Attach canonical program/type/domain comparison, expanded final contract and derivation of all intermediate execution/output premises"
simplicity_xor_xor_8,core,C.jet_ternary8_layout.xor_xor8_local_spec,,pending-evidence-cross-reference,,"Attach canonical program/type/domain comparison, expanded final contract and derivation of all intermediate execution/output premises"
simplicity_xor_xor_16,core,C.jet_ternary_wide_layout.xor_xor16_local_spec,,pending-evidence-cross-reference,,"Attach canonical program/type/domain comparison, expanded final contract and derivation of all intermediate execution/output premises"
simplicity_xor_xor_32,core,C.jet_ternary_wide_layout.xor_xor32_local_spec,,pending-evidence-cross-reference,,"Attach canonical program/type/domain comparison, expanded final contract and derivation of all intermediate execution/output premises"
simplicity_xor_xor_64,core,C.jet_ternary_wide_layout.xor_xor64_local_spec,,pending-evidence-cross-reference,,"Attach canonical program/type/domain comparison, expanded final contract and derivation of all intermediate execution/output premises"
simplicity_ch_1,core,C.jet_ternary1_layout.ch1_local_spec,,pending-evidence-cross-reference,,"Attach canonical program/type/domain comparison, expanded final contract and derivation of all intermediate execution/output premises"
simplicity_ch_8,core,C.jet_ternary8_layout.ch8_local_spec,,pending-evidence-cross-reference,,"Attach canonical program/type/domain comparison, expanded final contract and derivation of all intermediate execution/output premises"
simplicity_ch_16,core,C.jet_ternary_wide_layout.ch16_local_spec,,pending-evidence-cross-reference,,"Attach canonical program/type/domain comparison, expanded final contract and derivation of all intermediate execution/output premises"
simplicity_ch_32,core,C.jet_ternary_wide_layout.ch32_local_spec,,pending-evidence-cross-reference,,"Attach canonical program/type/domain comparison, expanded final contract and derivation of all intermediate execution/output premises"
simplicity_ch_64,core,C.jet_ternary_wide_layout.ch64_local_spec,,pending-evidence-cross-reference,,"Attach canonical program/type/domain comparison, expanded final contract and derivation of all intermediate execution/output premises"
simplicity_some_1,core,C.jet_predicate1_layout.some1_local_spec,,pending-evidence-cross-reference,,"Attach canonical program/type/domain comparison, expanded final contract and derivation of all intermediate execution/output premises"
simplicity_some_8,core,C.jet_predicate8_layout.some8_local_spec,,pending-evidence-cross-reference,,"Attach canonical program/type/domain comparison, expanded final contract and derivation of all intermediate execution/output premises"
simplicity_some_16,core,C.jet_predicate_wide_layout.some16_local_spec,,pending-evidence-cross-reference,,"Attach canonical program/type/domain comparison, expanded final contract and derivation of all intermediate execution/output premises"
simplicity_some_32,core,C.jet_predicate_wide_layout.some32_local_spec,,pending-evidence-cross-reference,,"Attach canonical program/type/domain comparison, expanded final contract and derivation of all intermediate execution/output premises"
simplicity_some_64,core,C.jet_predicate_wide_layout.some64_local_spec,,pending-evidence-cross-reference,,"Attach canonical program/type/domain comparison, expanded final contract and derivation of all intermediate execution/output premises"
simplicity_all_8,core,C.jet_predicate8_layout.all8_local_spec,,pending-evidence-cross-reference,,"Attach canonical program/type/domain comparison, expanded final contract and derivation of all intermediate execution/output premises"
simplicity_all_16,core,C.jet_predicate_wide_layout.all16_local_spec,,pending-evidence-cross-reference,,"Attach canonical program/type/domain comparison, expanded final contract and derivation of all intermediate execution/output premises"
simplicity_all_32,core,C.jet_predicate_wide_layout.all32_local_spec,,pending-evidence-cross-reference,,"Attach canonical program/type/domain comparison, expanded final contract and derivation of all intermediate execution/output premises"
simplicity_all_64,core,C.jet_predicate_wide_layout.all64_local_spec,,pending-evidence-cross-reference,,"Attach canonical program/type/domain comparison, expanded final contract and derivation of all intermediate execution/output premises"
simplicity_one_8,core,C.jet_canonical.one8_local_spec,,pending-evidence-cross-reference,,"Attach canonical program/type/domain comparison, expanded final contract and derivation of all intermediate execution/output premises"
simplicity_one_16,core,C.jet_canonical.one16_local_spec,,pending-evidence-cross-reference,,"Attach canonical program/type/domain comparison, expanded final contract and derivation of all intermediate execution/output premises"
simplicity_one_32,core,C.jet_canonical.one32_local_spec,,pending-evidence-cross-reference,,"Attach canonical program/type/domain comparison, expanded final contract and derivation of all intermediate execution/output premises"
simplicity_one_64,core,C.jet_canonical.one64_local_spec,,pending-evidence-cross-reference,,"Attach canonical program/type/domain comparison, expanded final contract and derivation of all intermediate execution/output premises"
simplicity_eq_1,core,C.jet_equality1_layout.eq1_local_spec,,pending-evidence-cross-reference,,"Attach canonical program/type/domain comparison, expanded final contract and derivation of all intermediate execution/output premises"
simplicity_eq_8,core,C.jet_equality8_layout.eq8_local_spec,,pending-evidence-cross-reference,,"Attach canonical program/type/domain comparison, expanded final contract and derivation of all intermediate execution/output premises"
simplicity_eq_16,core,C.jet_equality_wide_layout.eq16_local_spec,,pending-evidence-cross-reference,,"Attach canonical program/type/domain comparison, expanded final contract and derivation of all intermediate execution/output premises"
simplicity_eq_32,core,C.jet_equality_wide_layout.eq32_local_spec,,pending-evidence-cross-reference,,"Attach canonical program/type/domain comparison, expanded final contract and derivation of all intermediate execution/output premises"
simplicity_eq_64,core,C.jet_equality_wide_layout.eq64_local_spec,,pending-evidence-cross-reference,,"Attach canonical program/type/domain comparison, expanded final contract and derivation of all intermediate execution/output premises"
simplicity_eq_256,core,C.jet_eq256_layout.eq256_local_spec,,pending-evidence-cross-reference,,"Attach canonical program/type/domain comparison, expanded final contract and derivation of all intermediate execution/output premises"
simplicity_full_left_shift_8_1,core,C.jet_core_fullshift_jets.full_left_shift_8_1_local_spec,memcpy_model,prior-family-review,JET_FIDELITY_REVIEW.md; JET_PROGRESS.md; check-fullshift-specification.py,Carry prior source/contract/dependency review into the exhaustive evidence matrix; retains explicit memcpy_model
simplicity_full_left_shift_8_2,core,C.jet_core_fullshift_jets.full_left_shift_8_2_local_spec,memcpy_model,prior-family-review,JET_FIDELITY_REVIEW.md; JET_PROGRESS.md; check-fullshift-specification.py,Carry prior source/contract/dependency review into the exhaustive evidence matrix; retains explicit memcpy_model
simplicity_full_left_shift_8_4,core,C.jet_core_fullshift_jets.full_left_shift_8_4_local_spec,memcpy_model,prior-family-review,JET_FIDELITY_REVIEW.md; JET_PROGRESS.md; check-fullshift-specification.py,Carry prior source/contract/dependency review into the exhaustive evidence matrix; retains explicit memcpy_model
simplicity_full_left_shift_16_1,core,C.jet_core_fullshift_jets.full_left_shift_16_1_local_spec,memcpy_model,prior-family-review,JET_FIDELITY_REVIEW.md; JET_PROGRESS.md; check-fullshift-specification.py,Carry prior source/contract/dependency review into the exhaustive evidence matrix; retains explicit memcpy_model
simplicity_full_left_shift_16_2,core,C.jet_core_fullshift_jets.full_left_shift_16_2_local_spec,memcpy_model,prior-family-review,JET_FIDELITY_REVIEW.md; JET_PROGRESS.md; check-fullshift-specification.py,Carry prior source/contract/dependency review into the exhaustive evidence matrix; retains explicit memcpy_model
simplicity_full_left_shift_16_4,core,C.jet_core_fullshift_jets.full_left_shift_16_4_local_spec,memcpy_model,prior-family-review,JET_FIDELITY_REVIEW.md; JET_PROGRESS.md; check-fullshift-specification.py,Carry prior source/contract/dependency review into the exhaustive evidence matrix; retains explicit memcpy_model
simplicity_full_left_shift_16_8,core,C.jet_core_fullshift_jets.full_left_shift_16_8_local_spec,memcpy_model,prior-family-review,JET_FIDELITY_REVIEW.md; JET_PROGRESS.md; check-fullshift-specification.py,Carry prior source/contract/dependency review into the exhaustive evidence matrix; retains explicit memcpy_model
simplicity_full_left_shift_32_1,core,C.jet_core_fullshift_jets.full_left_shift_32_1_local_spec,memcpy_model,prior-family-review,JET_FIDELITY_REVIEW.md; JET_PROGRESS.md; check-fullshift-specification.py,Carry prior source/contract/dependency review into the exhaustive evidence matrix; retains explicit memcpy_model
simplicity_full_left_shift_32_2,core,C.jet_core_fullshift_jets.full_left_shift_32_2_local_spec,memcpy_model,prior-family-review,JET_FIDELITY_REVIEW.md; JET_PROGRESS.md; check-fullshift-specification.py,Carry prior source/contract/dependency review into the exhaustive evidence matrix; retains explicit memcpy_model
simplicity_full_left_shift_32_4,core,C.jet_core_fullshift_jets.full_left_shift_32_4_local_spec,memcpy_model,prior-family-review,JET_FIDELITY_REVIEW.md; JET_PROGRESS.md; check-fullshift-specification.py,Carry prior source/contract/dependency review into the exhaustive evidence matrix; retains explicit memcpy_model
simplicity_full_left_shift_32_8,core,C.jet_core_fullshift_jets.full_left_shift_32_8_local_spec,memcpy_model,prior-family-review,JET_FIDELITY_REVIEW.md; JET_PROGRESS.md; check-fullshift-specification.py,Carry prior source/contract/dependency review into the exhaustive evidence matrix; retains explicit memcpy_model
simplicity_full_left_shift_32_16,core,C.jet_core_fullshift_jets.full_left_shift_32_16_local_spec,memcpy_model,prior-family-review,JET_FIDELITY_REVIEW.md; JET_PROGRESS.md; check-fullshift-specification.py,Carry prior source/contract/dependency review into the exhaustive evidence matrix; retains explicit memcpy_model
simplicity_full_left_shift_64_1,core,C.jet_core_fullshift64_jets.full_left_shift_64_1_local_spec,memcpy_model,prior-family-review,JET_FIDELITY_REVIEW.md; JET_PROGRESS.md; check-fullshift-specification.py,Carry prior source/contract/dependency review into the exhaustive evidence matrix; retains explicit memcpy_model
simplicity_full_left_shift_64_2,core,C.jet_core_fullshift64_jets.full_left_shift_64_2_local_spec,memcpy_model,prior-family-review,JET_FIDELITY_REVIEW.md; JET_PROGRESS.md; check-fullshift-specification.py,Carry prior source/contract/dependency review into the exhaustive evidence matrix; retains explicit memcpy_model
simplicity_full_left_shift_64_4,core,C.jet_core_fullshift64_jets.full_left_shift_64_4_local_spec,memcpy_model,prior-family-review,JET_FIDELITY_REVIEW.md; JET_PROGRESS.md; check-fullshift-specification.py,Carry prior source/contract/dependency review into the exhaustive evidence matrix; retains explicit memcpy_model
simplicity_full_left_shift_64_8,core,C.jet_core_fullshift64_jets.full_left_shift_64_8_local_spec,memcpy_model,prior-family-review,JET_FIDELITY_REVIEW.md; JET_PROGRESS.md; check-fullshift-specification.py,Carry prior source/contract/dependency review into the exhaustive evidence matrix; retains explicit memcpy_model
simplicity_full_left_shift_64_16,core,C.jet_core_fullshift64_jets.full_left_shift_64_16_local_spec,memcpy_model,prior-family-review,JET_FIDELITY_REVIEW.md; JET_PROGRESS.md; check-fullshift-specification.py,Carry prior source/contract/dependency review into the exhaustive evidence matrix; retains explicit memcpy_model
simplicity_full_left_shift_64_32,core,C.jet_core_fullshift64_jets.full_left_shift_64_32_local_spec,memcpy_model,prior-family-review,JET_FIDELITY_REVIEW.md; JET_PROGRESS.md; check-fullshift-specification.py,Carry prior source/contract/dependency review into the exhaustive evidence matrix; retains explicit memcpy_model
simplicity_full_right_shift_8_1,core,C.jet_core_fullshift_jets.full_right_shift_8_1_local_spec,memcpy_model,prior-family-review,JET_FIDELITY_REVIEW.md; JET_PROGRESS.md; check-fullshift-specification.py,Carry prior source/contract/dependency review into the exhaustive evidence matrix; retains explicit memcpy_model
simplicity_full_right_shift_8_2,core,C.jet_core_fullshift_jets.full_right_shift_8_2_local_spec,memcpy_model,prior-family-review,JET_FIDELITY_REVIEW.md; JET_PROGRESS.md; check-fullshift-specification.py,Carry prior source/contract/dependency review into the exhaustive evidence matrix; retains explicit memcpy_model
simplicity_full_right_shift_8_4,core,C.jet_core_fullshift_jets.full_right_shift_8_4_local_spec,memcpy_model,prior-family-review,JET_FIDELITY_REVIEW.md; JET_PROGRESS.md; check-fullshift-specification.py,Carry prior source/contract/dependency review into the exhaustive evidence matrix; retains explicit memcpy_model
simplicity_full_right_shift_16_1,core,C.jet_core_fullshift_jets.full_right_shift_16_1_local_spec,memcpy_model,prior-family-review,JET_FIDELITY_REVIEW.md; JET_PROGRESS.md; check-fullshift-specification.py,Carry prior source/contract/dependency review into the exhaustive evidence matrix; retains explicit memcpy_model
simplicity_full_right_shift_16_2,core,C.jet_core_fullshift_jets.full_right_shift_16_2_local_spec,memcpy_model,prior-family-review,JET_FIDELITY_REVIEW.md; JET_PROGRESS.md; check-fullshift-specification.py,Carry prior source/contract/dependency review into the exhaustive evidence matrix; retains explicit memcpy_model
simplicity_full_right_shift_16_4,core,C.jet_core_fullshift_jets.full_right_shift_16_4_local_spec,memcpy_model,prior-family-review,JET_FIDELITY_REVIEW.md; JET_PROGRESS.md; check-fullshift-specification.py,Carry prior source/contract/dependency review into the exhaustive evidence matrix; retains explicit memcpy_model
simplicity_full_right_shift_16_8,core,C.jet_core_fullshift_jets.full_right_shift_16_8_local_spec,memcpy_model,prior-family-review,JET_FIDELITY_REVIEW.md; JET_PROGRESS.md; check-fullshift-specification.py,Carry prior source/contract/dependency review into the exhaustive evidence matrix; retains explicit memcpy_model
simplicity_full_right_shift_32_1,core,C.jet_core_fullshift_jets.full_right_shift_32_1_local_spec,memcpy_model,prior-family-review,JET_FIDELITY_REVIEW.md; JET_PROGRESS.md; check-fullshift-specification.py,Carry prior source/contract/dependency review into the exhaustive evidence matrix; retains explicit memcpy_model
simplicity_full_right_shift_32_2,core,C.jet_core_fullshift_jets.full_right_shift_32_2_local_spec,memcpy_model,prior-family-review,JET_FIDELITY_REVIEW.md; JET_PROGRESS.md; check-fullshift-specification.py,Carry prior source/contract/dependency review into the exhaustive evidence matrix; retains explicit memcpy_model
simplicity_full_right_shift_32_4,core,C.jet_core_fullshift_jets.full_right_shift_32_4_local_spec,memcpy_model,prior-family-review,JET_FIDELITY_REVIEW.md; JET_PROGRESS.md; check-fullshift-specification.py,Carry prior source/contract/dependency review into the exhaustive evidence matrix; retains explicit memcpy_model
simplicity_full_right_shift_32_8,core,C.jet_core_fullshift_jets.full_right_shift_32_8_local_spec,memcpy_model,prior-family-review,JET_FIDELITY_REVIEW.md; JET_PROGRESS.md; check-fullshift-specification.py,Carry prior source/contract/dependency review into the exhaustive evidence matrix; retains explicit memcpy_model
simplicity_full_right_shift_32_16,core,C.jet_core_fullshift_jets.full_right_shift_32_16_local_spec,memcpy_model,prior-family-review,JET_FIDELITY_REVIEW.md; JET_PROGRESS.md; check-fullshift-specification.py,Carry prior source/contract/dependency review into the exhaustive evidence matrix; retains explicit memcpy_model
simplicity_full_right_shift_64_1,core,C.jet_core_fullshift64_jets.full_right_shift_64_1_local_spec,memcpy_model,prior-family-review,JET_FIDELITY_REVIEW.md; JET_PROGRESS.md; check-fullshift-specification.py,Carry prior source/contract/dependency review into the exhaustive evidence matrix; retains explicit memcpy_model
simplicity_full_right_shift_64_2,core,C.jet_core_fullshift64_jets.full_right_shift_64_2_local_spec,memcpy_model,prior-family-review,JET_FIDELITY_REVIEW.md; JET_PROGRESS.md; check-fullshift-specification.py,Carry prior source/contract/dependency review into the exhaustive evidence matrix; retains explicit memcpy_model
simplicity_full_right_shift_64_4,core,C.jet_core_fullshift64_jets.full_right_shift_64_4_local_spec,memcpy_model,prior-family-review,JET_FIDELITY_REVIEW.md; JET_PROGRESS.md; check-fullshift-specification.py,Carry prior source/contract/dependency review into the exhaustive evidence matrix; retains explicit memcpy_model
simplicity_full_right_shift_64_8,core,C.jet_core_fullshift64_jets.full_right_shift_64_8_local_spec,memcpy_model,prior-family-review,JET_FIDELITY_REVIEW.md; JET_PROGRESS.md; check-fullshift-specification.py,Carry prior source/contract/dependency review into the exhaustive evidence matrix; retains explicit memcpy_model
simplicity_full_right_shift_64_16,core,C.jet_core_fullshift64_jets.full_right_shift_64_16_local_spec,memcpy_model,prior-family-review,JET_FIDELITY_REVIEW.md; JET_PROGRESS.md; check-fullshift-specification.py,Carry prior source/contract/dependency review into the exhaustive evidence matrix; retains explicit memcpy_model
simplicity_full_right_shift_64_32,core,C.jet_core_fullshift64_jets.full_right_shift_64_32_local_spec,memcpy_model,prior-family-review,JET_FIDELITY_REVIEW.md; JET_PROGRESS.md; check-fullshift-specification.py,Carry prior source/contract/dependency review into the exhaustive evidence matrix; retains explicit memcpy_model
simplicity_leftmost_8_1,core,C.jet_core_projection_jets.leftmost_8_1_local_spec,memcpy_model,pending-evidence-cross-reference,,"Attach canonical program/type/domain comparison, expanded final contract and derivation of all intermediate execution/output premises"
simplicity_leftmost_8_2,core,C.jet_core_projection_jets.leftmost_8_2_local_spec,memcpy_model,pending-evidence-cross-reference,,"Attach canonical program/type/domain comparison, expanded final contract and derivation of all intermediate execution/output premises"
simplicity_leftmost_8_4,core,C.jet_core_projection_jets.leftmost_8_4_local_spec,memcpy_model,pending-evidence-cross-reference,,"Attach canonical program/type/domain comparison, expanded final contract and derivation of all intermediate execution/output premises"
simplicity_leftmost_16_1,core,C.jet_core_projection_jets.leftmost_16_1_local_spec,memcpy_model,pending-evidence-cross-reference,,"Attach canonical program/type/domain comparison, expanded final contract and derivation of all intermediate execution/output premises"
simplicity_leftmost_16_2,core,C.jet_core_projection_jets.leftmost_16_2_local_spec,memcpy_model,pending-evidence-cross-reference,,"Attach canonical program/type/domain comparison, expanded final contract and derivation of all intermediate execution/output premises"
simplicity_leftmost_16_4,core,C.jet_core_projection_jets.leftmost_16_4_local_spec,memcpy_model,pending-evidence-cross-reference,,"Attach canonical program/type/domain comparison, expanded final contract and derivation of all intermediate execution/output premises"
simplicity_leftmost_16_8,core,C.jet_core_projection_jets.leftmost_16_8_local_spec,memcpy_model,pending-evidence-cross-reference,,"Attach canonical program/type/domain comparison, expanded final contract and derivation of all intermediate execution/output premises"
simplicity_leftmost_32_1,core,C.jet_core_projection_jets.leftmost_32_1_local_spec,memcpy_model,pending-evidence-cross-reference,,"Attach canonical program/type/domain comparison, expanded final contract and derivation of all intermediate execution/output premises"
simplicity_leftmost_32_2,core,C.jet_core_projection_jets.leftmost_32_2_local_spec,memcpy_model,pending-evidence-cross-reference,,"Attach canonical program/type/domain comparison, expanded final contract and derivation of all intermediate execution/output premises"
simplicity_leftmost_32_4,core,C.jet_core_projection_jets.leftmost_32_4_local_spec,memcpy_model,pending-evidence-cross-reference,,"Attach canonical program/type/domain comparison, expanded final contract and derivation of all intermediate execution/output premises"
simplicity_leftmost_32_8,core,C.jet_core_projection_jets.leftmost_32_8_local_spec,memcpy_model,pending-evidence-cross-reference,,"Attach canonical program/type/domain comparison, expanded final contract and derivation of all intermediate execution/output premises"
simplicity_leftmost_32_16,core,C.jet_core_projection_jets.leftmost_32_16_local_spec,memcpy_model,pending-evidence-cross-reference,,"Attach canonical program/type/domain comparison, expanded final contract and derivation of all intermediate execution/output premises"
simplicity_leftmost_64_1,core,C.jet_core_projection_jets.leftmost_64_1_local_spec,memcpy_model,pending-evidence-cross-reference,,"Attach canonical program/type/domain comparison, expanded final contract and derivation of all intermediate execution/output premises"
simplicity_leftmost_64_2,core,C.jet_core_projection_jets.leftmost_64_2_local_spec,memcpy_model,pending-evidence-cross-reference,,"Attach canonical program/type/domain comparison, expanded final contract and derivation of all intermediate execution/output premises"
simplicity_leftmost_64_4,core,C.jet_core_projection_jets.leftmost_64_4_local_spec,memcpy_model,pending-evidence-cross-reference,,"Attach canonical program/type/domain comparison, expanded final contract and derivation of all intermediate execution/output premises"
simplicity_leftmost_64_8,core,C.jet_core_projection_jets.leftmost_64_8_local_spec,memcpy_model,pending-evidence-cross-reference,,"Attach canonical program/type/domain comparison, expanded final contract and derivation of all intermediate execution/output premises"
simplicity_leftmost_64_16,core,C.jet_core_projection_jets.leftmost_64_16_local_spec,memcpy_model,pending-evidence-cross-reference,,"Attach canonical program/type/domain comparison, expanded final contract and derivation of all intermediate execution/output premises"
simplicity_leftmost_64_32,core,C.jet_core_projection_jets.leftmost_64_32_local_spec,memcpy_model,pending-evidence-cross-reference,,"Attach canonical program/type/domain comparison, expanded final contract and derivation of all intermediate execution/output premises"
simplicity_rightmost_8_1,core,C.jet_core_projection_jets.rightmost_8_1_local_spec,memcpy_model,pending-evidence-cross-reference,,"Attach canonical program/type/domain comparison, expanded final contract and derivation of all intermediate execution/output premises"
simplicity_rightmost_8_2,core,C.jet_core_projection_jets.rightmost_8_2_local_spec,memcpy_model,pending-evidence-cross-reference,,"Attach canonical program/type/domain comparison, expanded final contract and derivation of all intermediate execution/output premises"
simplicity_rightmost_8_4,core,C.jet_core_projection_jets.rightmost_8_4_local_spec,memcpy_model,pending-evidence-cross-reference,,"Attach canonical program/type/domain comparison, expanded final contract and derivation of all intermediate execution/output premises"
simplicity_rightmost_16_1,core,C.jet_core_projection_jets.rightmost_16_1_local_spec,memcpy_model,pending-evidence-cross-reference,,"Attach canonical program/type/domain comparison, expanded final contract and derivation of all intermediate execution/output premises"
simplicity_rightmost_16_2,core,C.jet_core_projection_jets.rightmost_16_2_local_spec,memcpy_model,pending-evidence-cross-reference,,"Attach canonical program/type/domain comparison, expanded final contract and derivation of all intermediate execution/output premises"
simplicity_rightmost_16_4,core,C.jet_core_projection_jets.rightmost_16_4_local_spec,memcpy_model,pending-evidence-cross-reference,,"Attach canonical program/type/domain comparison, expanded final contract and derivation of all intermediate execution/output premises"
simplicity_rightmost_16_8,core,C.jet_core_projection_jets.rightmost_16_8_local_spec,memcpy_model,pending-evidence-cross-reference,,"Attach canonical program/type/domain comparison, expanded final contract and derivation of all intermediate execution/output premises"
simplicity_rightmost_32_1,core,C.jet_core_projection_jets.rightmost_32_1_local_spec,memcpy_model,pending-evidence-cross-reference,,"Attach canonical program/type/domain comparison, expanded final contract and derivation of all intermediate execution/output premises"
simplicity_rightmost_32_2,core,C.jet_core_projection_jets.rightmost_32_2_local_spec,memcpy_model,pending-evidence-cross-reference,,"Attach canonical program/type/domain comparison, expanded final contract and derivation of all intermediate execution/output premises"
simplicity_rightmost_32_4,core,C.jet_core_projection_jets.rightmost_32_4_local_spec,memcpy_model,pending-evidence-cross-reference,,"Attach canonical program/type/domain comparison, expanded final contract and derivation of all intermediate execution/output premises"
simplicity_rightmost_32_8,core,C.jet_core_projection_jets.rightmost_32_8_local_spec,memcpy_model,pending-evidence-cross-reference,,"Attach canonical program/type/domain comparison, expanded final contract and derivation of all intermediate execution/output premises"
simplicity_rightmost_32_16,core,C.jet_core_projection_jets.rightmost_32_16_local_spec,memcpy_model,pending-evidence-cross-reference,,"Attach canonical program/type/domain comparison, expanded final contract and derivation of all intermediate execution/output premises"
simplicity_rightmost_64_1,core,C.jet_core_projection_jets.rightmost_64_1_local_spec,memcpy_model,pending-evidence-cross-reference,,"Attach canonical program/type/domain comparison, expanded final contract and derivation of all intermediate execution/output premises"
simplicity_rightmost_64_2,core,C.jet_core_projection_jets.rightmost_64_2_local_spec,memcpy_model,pending-evidence-cross-reference,,"Attach canonical program/type/domain comparison, expanded final contract and derivation of all intermediate execution/output premises"
simplicity_rightmost_64_4,core,C.jet_core_projection_jets.rightmost_64_4_local_spec,memcpy_model,pending-evidence-cross-reference,,"Attach canonical program/type/domain comparison, expanded final contract and derivation of all intermediate execution/output premises"
simplicity_rightmost_64_8,core,C.jet_core_projection_jets.rightmost_64_8_local_spec,memcpy_model,pending-evidence-cross-reference,,"Attach canonical program/type/domain comparison, expanded final contract and derivation of all intermediate execution/output premises"
simplicity_rightmost_64_16,core,C.jet_core_projection_jets.rightmost_64_16_local_spec,memcpy_model,pending-evidence-cross-reference,,"Attach canonical program/type/domain comparison, expanded final contract and derivation of all intermediate execution/output premises"
simplicity_rightmost_64_32,core,C.jet_core_projection_jets.rightmost_64_32_local_spec,memcpy_model,pending-evidence-cross-reference,,"Attach canonical program/type/domain comparison, expanded final contract and derivation of all intermediate execution/output premises"
simplicity_left_pad_low_1_8,core,C.jet_left_pad_bit8_layout.left_pad_low_1_8_local_spec,,pending-evidence-cross-reference,,"Attach canonical program/type/domain comparison, expanded final contract and derivation of all intermediate execution/output premises"
simplicity_left_pad_low_1_16,core,C.jet_left_pad_bit_wide_layout.left_pad_low_1_16_local_spec,,pending-evidence-cross-reference,,"Attach canonical program/type/domain comparison, expanded final contract and derivation of all intermediate execution/output premises"
simplicity_left_pad_low_8_16,core,C.jet_core_pad_instances.left_pad_low_8_16_local_spec,memcpy_model,pending-evidence-cross-reference,,"Attach canonical program/type/domain comparison, expanded final contract and derivation of all intermediate execution/output premises"
simplicity_left_pad_low_1_32,core,C.jet_left_pad_bit_wide_layout.left_pad_low_1_32_local_spec,,pending-evidence-cross-reference,,"Attach canonical program/type/domain comparison, expanded final contract and derivation of all intermediate execution/output premises"
simplicity_left_pad_low_8_32,core,C.jet_core_pad_instances.left_pad_low_8_32_local_spec,memcpy_model,pending-evidence-cross-reference,,"Attach canonical program/type/domain comparison, expanded final contract and derivation of all intermediate execution/output premises"
simplicity_left_pad_low_16_32,core,C.jet_core_pad_instances.left_pad_low_16_32_local_spec,memcpy_model,pending-evidence-cross-reference,,"Attach canonical program/type/domain comparison, expanded final contract and derivation of all intermediate execution/output premises"
simplicity_left_pad_low_1_64,core,C.jet_left_pad_bit_wide_layout.left_pad_low_1_64_local_spec,,pending-evidence-cross-reference,,"Attach canonical program/type/domain comparison, expanded final contract and derivation of all intermediate execution/output premises"
simplicity_left_pad_low_8_64,core,C.jet_core_pad_instances.left_pad_low_8_64_local_spec,memcpy_model,pending-evidence-cross-reference,,"Attach canonical program/type/domain comparison, expanded final contract and derivation of all intermediate execution/output premises"
simplicity_left_pad_low_16_64,core,C.jet_core_pad_instances.left_pad_low_16_64_local_spec,memcpy_model,pending-evidence-cross-reference,,"Attach canonical program/type/domain comparison, expanded final contract and derivation of all intermediate execution/output premises"
simplicity_left_pad_low_32_64,core,C.jet_core_pad_instances.left_pad_low_32_64_local_spec,memcpy_model,pending-evidence-cross-reference,,"Attach canonical program/type/domain comparison, expanded final contract and derivation of all intermediate execution/output premises"
simplicity_left_pad_high_1_8,core,C.jet_core_pad_instances.left_pad_high_1_8_local_spec,memcpy_model,pending-evidence-cross-reference,,"Attach canonical program/type/domain comparison, expanded final contract and derivation of all intermediate execution/output premises"
simplicity_left_pad_high_1_16,core,C.jet_core_pad_instances.left_pad_high_1_16_local_spec,memcpy_model,pending-evidence-cross-reference,,"Attach canonical program/type/domain comparison, expanded final contract and derivation of all intermediate execution/output premises"
simplicity_left_pad_high_8_16,core,C.jet_core_pad_instances.left_pad_high_8_16_local_spec,memcpy_model,pending-evidence-cross-reference,,"Attach canonical program/type/domain comparison, expanded final contract and derivation of all intermediate execution/output premises"
simplicity_left_pad_high_1_32,core,C.jet_core_pad_instances.left_pad_high_1_32_local_spec,memcpy_model,pending-evidence-cross-reference,,"Attach canonical program/type/domain comparison, expanded final contract and derivation of all intermediate execution/output premises"
simplicity_left_pad_high_8_32,core,C.jet_core_pad_instances.left_pad_high_8_32_local_spec,memcpy_model,pending-evidence-cross-reference,,"Attach canonical program/type/domain comparison, expanded final contract and derivation of all intermediate execution/output premises"
simplicity_left_pad_high_16_32,core,C.jet_core_pad_instances.left_pad_high_16_32_local_spec,memcpy_model,pending-evidence-cross-reference,,"Attach canonical program/type/domain comparison, expanded final contract and derivation of all intermediate execution/output premises"
simplicity_left_pad_high_1_64,core,C.jet_core_pad_instances.left_pad_high_1_64_local_spec,memcpy_model,pending-evidence-cross-reference,,"Attach canonical program/type/domain comparison, expanded final contract and derivation of all intermediate execution/output premises"
simplicity_left_pad_high_8_64,core,C.jet_core_pad_instances.left_pad_high_8_64_local_spec,memcpy_model,pending-evidence-cross-reference,,"Attach canonical program/type/domain comparison, expanded final contract and derivation of all intermediate execution/output premises"
simplicity_left_pad_high_16_64,core,C.jet_core_pad_instances.left_pad_high_16_64_local_spec,memcpy_model,pending-evidence-cross-reference,,"Attach canonical program/type/domain comparison, expanded final contract and derivation of all intermediate execution/output premises"
simplicity_left_pad_high_32_64,core,C.jet_core_pad_instances.left_pad_high_32_64_local_spec,memcpy_model,pending-evidence-cross-reference,,"Attach canonical program/type/domain comparison, expanded final contract and derivation of all intermediate execution/output premises"
simplicity_left_extend_1_8,core,C.jet_extend_bit8_layout.left_extend_1_8_local_spec,,pending-evidence-cross-reference,,"Attach canonical program/type/domain comparison, expanded final contract and derivation of all intermediate execution/output premises"
simplicity_left_extend_1_16,core,C.jet_extend_bit_wide_layout.left_extend_1_16_local_spec,,pending-evidence-cross-reference,,"Attach canonical program/type/domain comparison, expanded final contract and derivation of all intermediate execution/output premises"
simplicity_left_extend_8_16,core,C.jet_extend_word8_layout.left_extend_8_16_local_spec,,pending-evidence-cross-reference,,"Attach canonical program/type/domain comparison, expanded final contract and derivation of all intermediate execution/output premises"
simplicity_left_extend_1_32,core,C.jet_extend_bit_wide_layout.left_extend_1_32_local_spec,,pending-evidence-cross-reference,,"Attach canonical program/type/domain comparison, expanded final contract and derivation of all intermediate execution/output premises"
simplicity_left_extend_8_32,core,C.jet_extend_word8_layout.left_extend_8_32_local_spec,,pending-evidence-cross-reference,,"Attach canonical program/type/domain comparison, expanded final contract and derivation of all intermediate execution/output premises"
simplicity_left_extend_16_32,core,C.jet_extend_wide_layout.left_extend_16_32_local_spec,,pending-evidence-cross-reference,,"Attach canonical program/type/domain comparison, expanded final contract and derivation of all intermediate execution/output premises"
simplicity_left_extend_1_64,core,C.jet_extend_bit_wide_layout.left_extend_1_64_local_spec,,pending-evidence-cross-reference,,"Attach canonical program/type/domain comparison, expanded final contract and derivation of all intermediate execution/output premises"
simplicity_left_extend_8_64,core,C.jet_extend_word8_layout.left_extend_8_64_local_spec,,pending-evidence-cross-reference,,"Attach canonical program/type/domain comparison, expanded final contract and derivation of all intermediate execution/output premises"
simplicity_left_extend_16_64,core,C.jet_extend_wide_layout.left_extend_16_64_local_spec,,pending-evidence-cross-reference,,"Attach canonical program/type/domain comparison, expanded final contract and derivation of all intermediate execution/output premises"
simplicity_left_extend_32_64,core,C.jet_extend_wide_layout.left_extend_32_64_local_spec,,pending-evidence-cross-reference,,"Attach canonical program/type/domain comparison, expanded final contract and derivation of all intermediate execution/output premises"
simplicity_right_pad_low_1_8,core,C.jet_right_pad_bit8_layout.right_pad_low_1_8_local_spec,,pending-evidence-cross-reference,,"Attach canonical program/type/domain comparison, expanded final contract and derivation of all intermediate execution/output premises"
simplicity_right_pad_low_1_16,core,C.jet_right_pad_bit_wide_layout.right_pad_low_1_16_local_spec,,pending-evidence-cross-reference,,"Attach canonical program/type/domain comparison, expanded final contract and derivation of all intermediate execution/output premises"
simplicity_right_pad_low_8_16,core,C.jet_core_pad_instances.right_pad_low_8_16_local_spec,memcpy_model,pending-evidence-cross-reference,,"Attach canonical program/type/domain comparison, expanded final contract and derivation of all intermediate execution/output premises"
simplicity_right_pad_low_1_32,core,C.jet_right_pad_bit_wide_layout.right_pad_low_1_32_local_spec,,pending-evidence-cross-reference,,"Attach canonical program/type/domain comparison, expanded final contract and derivation of all intermediate execution/output premises"
simplicity_right_pad_low_8_32,core,C.jet_core_pad_instances.right_pad_low_8_32_local_spec,memcpy_model,pending-evidence-cross-reference,,"Attach canonical program/type/domain comparison, expanded final contract and derivation of all intermediate execution/output premises"
simplicity_right_pad_low_16_32,core,C.jet_core_pad_instances.right_pad_low_16_32_local_spec,memcpy_model,pending-evidence-cross-reference,,"Attach canonical program/type/domain comparison, expanded final contract and derivation of all intermediate execution/output premises"
simplicity_right_pad_low_1_64,core,C.jet_right_pad_bit_wide_layout.right_pad_low_1_64_local_spec,,pending-evidence-cross-reference,,"Attach canonical program/type/domain comparison, expanded final contract and derivation of all intermediate execution/output premises"
simplicity_right_pad_low_8_64,core,C.jet_core_pad_instances.right_pad_low_8_64_local_spec,memcpy_model,pending-evidence-cross-reference,,"Attach canonical program/type/domain comparison, expanded final contract and derivation of all intermediate execution/output premises"
simplicity_right_pad_low_16_64,core,C.jet_core_pad_instances.right_pad_low_16_64_local_spec,memcpy_model,pending-evidence-cross-reference,,"Attach canonical program/type/domain comparison, expanded final contract and derivation of all intermediate execution/output premises"
simplicity_right_pad_low_32_64,core,C.jet_core_pad_instances.right_pad_low_32_64_local_spec,memcpy_model,pending-evidence-cross-reference,,"Attach canonical program/type/domain comparison, expanded final contract and derivation of all intermediate execution/output premises"
simplicity_right_pad_high_1_8,core,C.jet_core_pad_instances.right_pad_high_1_8_local_spec,memcpy_model,pending-evidence-cross-reference,,"Attach canonical program/type/domain comparison, expanded final contract and derivation of all intermediate execution/output premises"
simplicity_right_pad_high_1_16,core,C.jet_core_pad_instances.right_pad_high_1_16_local_spec,memcpy_model,pending-evidence-cross-reference,,"Attach canonical program/type/domain comparison, expanded final contract and derivation of all intermediate execution/output premises"
simplicity_right_pad_high_8_16,core,C.jet_core_pad_instances.right_pad_high_8_16_local_spec,memcpy_model,pending-evidence-cross-reference,,"Attach canonical program/type/domain comparison, expanded final contract and derivation of all intermediate execution/output premises"
simplicity_right_pad_high_1_32,core,C.jet_core_pad_instances.right_pad_high_1_32_local_spec,memcpy_model,pending-evidence-cross-reference,,"Attach canonical program/type/domain comparison, expanded final contract and derivation of all intermediate execution/output premises"
simplicity_right_pad_high_8_32,core,C.jet_core_pad_instances.right_pad_high_8_32_local_spec,memcpy_model,pending-evidence-cross-reference,,"Attach canonical program/type/domain comparison, expanded final contract and derivation of all intermediate execution/output premises"
simplicity_right_pad_high_16_32,core,C.jet_core_pad_instances.right_pad_high_16_32_local_spec,memcpy_model,pending-evidence-cross-reference,,"Attach canonical program/type/domain comparison, expanded final contract and derivation of all intermediate execution/output premises"
simplicity_right_pad_high_1_64,core,C.jet_core_pad_instances.right_pad_high_1_64_local_spec,memcpy_model,pending-evidence-cross-reference,,"Attach canonical program/type/domain comparison, expanded final contract and derivation of all intermediate execution/output premises"
simplicity_right_pad_high_8_64,core,C.jet_core_pad_instances.right_pad_high_8_64_local_spec,memcpy_model,pending-evidence-cross-reference,,"Attach canonical program/type/domain comparison, expanded final contract and derivation of all intermediate execution/output premises"
simplicity_right_pad_high_16_64,core,C.jet_core_pad_instances.right_pad_high_16_64_local_spec,memcpy_model,pending-evidence-cross-reference,,"Attach canonical program/type/domain comparison, expanded final contract and derivation of all intermediate execution/output premises"
simplicity_right_pad_high_32_64,core,C.jet_core_pad_instances.right_pad_high_32_64_local_spec,memcpy_model,pending-evidence-cross-reference,,"Attach canonical program/type/domain comparison, expanded final contract and derivation of all intermediate execution/output premises"
simplicity_right_extend_8_16,core,C.jet_right_extend_word8_layout.right_extend_8_16_local_spec,,pending-evidence-cross-reference,,"Attach canonical program/type/domain comparison, expanded final contract and derivation of all intermediate execution/output premises"
simplicity_right_extend_8_32,core,C.jet_right_extend_word8_layout.right_extend_8_32_local_spec,,pending-evidence-cross-reference,,"Attach canonical program/type/domain comparison, expanded final contract and derivation of all intermediate execution/output premises"
simplicity_right_extend_16_32,core,C.jet_right_extend_wide_layout.right_extend_16_32_local_spec,,pending-evidence-cross-reference,,"Attach canonical program/type/domain comparison, expanded final contract and derivation of all intermediate execution/output premises"
simplicity_right_extend_8_64,core,C.jet_right_extend_word8_layout.right_extend_8_64_local_spec,,pending-evidence-cross-reference,,"Attach canonical program/type/domain comparison, expanded final contract and derivation of all intermediate execution/output premises"
simplicity_right_extend_16_64,core,C.jet_right_extend_wide_layout.right_extend_16_64_local_spec,,pending-evidence-cross-reference,,"Attach canonical program/type/domain comparison, expanded final contract and derivation of all intermediate execution/output premises"
simplicity_right_extend_32_64,core,C.jet_right_extend_wide_layout.right_extend_32_64_local_spec,,pending-evidence-cross-reference,,"Attach canonical program/type/domain comparison, expanded final contract and derivation of all intermediate execution/output premises"
simplicity_left_shift_with_8,core,C.jet_shift8_with_layout.left_shift_with8_local_spec,,pending-evidence-cross-reference,,"Attach canonical program/type/domain comparison, expanded final contract and derivation of all intermediate execution/output premises"
simplicity_left_shift_with_16,core,C.jet_shift16_with_layout.left_shift_with16_local_spec,,pending-evidence-cross-reference,,"Attach canonical program/type/domain comparison, expanded final contract and derivation of all intermediate execution/output premises"
simplicity_left_shift_with_32,core,C.jet_shift32_with_layout.left_shift_with32_local_spec,,pending-evidence-cross-reference,,"Attach canonical program/type/domain comparison, expanded final contract and derivation of all intermediate execution/output premises"
simplicity_left_shift_with_64,core,C.jet_shift64_with_layout.left_shift_with64_local_spec,,pending-evidence-cross-reference,,"Attach canonical program/type/domain comparison, expanded final contract and derivation of all intermediate execution/output premises"
simplicity_left_shift_8,core,C.jet_shift8_layout.left_shift8_local_spec,,pending-evidence-cross-reference,,"Attach canonical program/type/domain comparison, expanded final contract and derivation of all intermediate execution/output premises"
simplicity_left_shift_16,core,C.jet_shift16_layout.left_shift16_local_spec,,pending-evidence-cross-reference,,"Attach canonical program/type/domain comparison, expanded final contract and derivation of all intermediate execution/output premises"
simplicity_left_shift_32,core,C.jet_shift32_layout.left_shift32_local_spec,,pending-evidence-cross-reference,,"Attach canonical program/type/domain comparison, expanded final contract and derivation of all intermediate execution/output premises"
simplicity_left_shift_64,core,C.jet_shift64_layout.left_shift64_local_spec,,pending-evidence-cross-reference,,"Attach canonical program/type/domain comparison, expanded final contract and derivation of all intermediate execution/output premises"
simplicity_right_shift_with_8,core,C.jet_shift8_with_layout.right_shift_with8_local_spec,,pending-evidence-cross-reference,,"Attach canonical program/type/domain comparison, expanded final contract and derivation of all intermediate execution/output premises"
simplicity_right_shift_with_16,core,C.jet_shift16_with_layout.right_shift_with16_local_spec,,pending-evidence-cross-reference,,"Attach canonical program/type/domain comparison, expanded final contract and derivation of all intermediate execution/output premises"
simplicity_right_shift_with_32,core,C.jet_shift32_with_layout.right_shift_with32_local_spec,,pending-evidence-cross-reference,,"Attach canonical program/type/domain comparison, expanded final contract and derivation of all intermediate execution/output premises"
simplicity_right_shift_with_64,core,C.jet_shift64_with_layout.right_shift_with64_local_spec,,pending-evidence-cross-reference,,"Attach canonical program/type/domain comparison, expanded final contract and derivation of all intermediate execution/output premises"
simplicity_right_shift_8,core,C.jet_shift8_layout.right_shift8_local_spec,,pending-evidence-cross-reference,,"Attach canonical program/type/domain comparison, expanded final contract and derivation of all intermediate execution/output premises"
simplicity_right_shift_16,core,C.jet_shift16_layout.right_shift16_local_spec,,pending-evidence-cross-reference,,"Attach canonical program/type/domain comparison, expanded final contract and derivation of all intermediate execution/output premises"
simplicity_right_shift_32,core,C.jet_shift32_layout.right_shift32_local_spec,,pending-evidence-cross-reference,,"Attach canonical program/type/domain comparison, expanded final contract and derivation of all intermediate execution/output premises"
simplicity_right_shift_64,core,C.jet_shift64_layout.right_shift64_local_spec,,pending-evidence-cross-reference,,"Attach canonical program/type/domain comparison, expanded final contract and derivation of all intermediate execution/output premises"
simplicity_left_rotate_8,core,C.jet_rotate8_layout.left_rotate8_local_spec,,pending-evidence-cross-reference,,"Attach canonical program/type/domain comparison, expanded final contract and derivation of all intermediate execution/output premises"
simplicity_left_rotate_16,core,C.jet_rotate16_layout.left_rotate16_local_spec,,pending-evidence-cross-reference,,"Attach canonical program/type/domain comparison, expanded final contract and derivation of all intermediate execution/output premises"
simplicity_left_rotate_32,core,C.jet_left_rotate_wide_layout.left_rotate32_local_spec,,pending-evidence-cross-reference,,"Attach canonical program/type/domain comparison, expanded final contract and derivation of all intermediate execution/output premises"
simplicity_left_rotate_64,core,C.jet_left_rotate_wide_layout.left_rotate64_local_spec,,pending-evidence-cross-reference,,"Attach canonical program/type/domain comparison, expanded final contract and derivation of all intermediate execution/output premises"
simplicity_right_rotate_8,core,C.jet_rotate8_layout.right_rotate8_local_spec,,pending-evidence-cross-reference,,"Attach canonical program/type/domain comparison, expanded final contract and derivation of all intermediate execution/output premises"
simplicity_right_rotate_16,core,C.jet_rotate16_layout.right_rotate16_local_spec,,pending-evidence-cross-reference,,"Attach canonical program/type/domain comparison, expanded final contract and derivation of all intermediate execution/output premises"
simplicity_right_rotate_32,core,C.jet_right_rotate_wide_layout.right_rotate32_local_spec,,pending-evidence-cross-reference,,"Attach canonical program/type/domain comparison, expanded final contract and derivation of all intermediate execution/output premises"
simplicity_right_rotate_64,core,C.jet_right_rotate_wide_layout.right_rotate64_local_spec,,pending-evidence-cross-reference,,"Attach canonical program/type/domain comparison, expanded final contract and derivation of all intermediate execution/output premises"
simplicity_add_8,core,C.jet_canonical.add8_local_spec,,pending-evidence-cross-reference,,"Attach canonical program/type/domain comparison, expanded final contract and derivation of all intermediate execution/output premises"
simplicity_add_16,core,C.jet_canonical.add16_local_spec,,pending-evidence-cross-reference,,"Attach canonical program/type/domain comparison, expanded final contract and derivation of all intermediate execution/output premises"
simplicity_add_32,core,C.jet_canonical.add32_local_spec,,pending-evidence-cross-reference,,"Attach canonical program/type/domain comparison, expanded final contract and derivation of all intermediate execution/output premises"
simplicity_add_64,core,C.jet_canonical.add64_local_spec,,pending-evidence-cross-reference,,"Attach canonical program/type/domain comparison, expanded final contract and derivation of all intermediate execution/output premises"
simplicity_full_add_8,core,C.jet_full_add8_layout.full_add8_local_spec,,pending-evidence-cross-reference,,"Attach canonical program/type/domain comparison, expanded final contract and derivation of all intermediate execution/output premises"
simplicity_full_add_16,core,C.jet_full_add_wide_layout.full_add16_local_spec,,pending-evidence-cross-reference,,"Attach canonical program/type/domain comparison, expanded final contract and derivation of all intermediate execution/output premises"
simplicity_full_add_32,core,C.jet_full_add_wide_layout.full_add32_local_spec,,pending-evidence-cross-reference,,"Attach canonical program/type/domain comparison, expanded final contract and derivation of all intermediate execution/output premises"
simplicity_full_add_64,core,C.jet_full_add_wide_layout.full_add64_local_spec,,pending-evidence-cross-reference,,"Attach canonical program/type/domain comparison, expanded final contract and derivation of all intermediate execution/output premises"
simplicity_full_increment_8,core,C.jet_full_increment8_layout.full_increment8_local_spec,,pending-evidence-cross-reference,,"Attach canonical program/type/domain comparison, expanded final contract and derivation of all intermediate execution/output premises"
simplicity_full_increment_16,core,C.jet_full_increment_wide_layout.full_increment16_local_spec,,pending-evidence-cross-reference,,"Attach canonical program/type/domain comparison, expanded final contract and derivation of all intermediate execution/output premises"
simplicity_full_increment_32,core,C.jet_full_increment_wide_layout.full_increment32_local_spec,,pending-evidence-cross-reference,,"Attach canonical program/type/domain comparison, expanded final contract and derivation of all intermediate execution/output premises"
simplicity_full_increment_64,core,C.jet_full_increment_wide_layout.full_increment64_local_spec,,pending-evidence-cross-reference,,"Attach canonical program/type/domain comparison, expanded final contract and derivation of all intermediate execution/output premises"
simplicity_increment_8,core,C.jet_canonical.increment8_local_spec,,pending-evidence-cross-reference,,"Attach canonical program/type/domain comparison, expanded final contract and derivation of all intermediate execution/output premises"
simplicity_increment_16,core,C.jet_canonical.increment16_local_spec,,pending-evidence-cross-reference,,"Attach canonical program/type/domain comparison, expanded final contract and derivation of all intermediate execution/output premises"
simplicity_increment_32,core,C.jet_canonical.increment32_local_spec,,pending-evidence-cross-reference,,"Attach canonical program/type/domain comparison, expanded final contract and derivation of all intermediate execution/output premises"
simplicity_increment_64,core,C.jet_canonical.increment64_local_spec,,pending-evidence-cross-reference,,"Attach canonical program/type/domain comparison, expanded final contract and derivation of all intermediate execution/output premises"
simplicity_subtract_8,core,C.jet_subtract8_layout.subtract8_local_spec,,pending-evidence-cross-reference,,"Attach canonical program/type/domain comparison, expanded final contract and derivation of all intermediate execution/output premises"
simplicity_subtract_16,core,C.jet_subtract_wide_layout.subtract16_local_spec,,pending-evidence-cross-reference,,"Attach canonical program/type/domain comparison, expanded final contract and derivation of all intermediate execution/output premises"
simplicity_subtract_32,core,C.jet_subtract_wide_layout.subtract32_local_spec,,pending-evidence-cross-reference,,"Attach canonical program/type/domain comparison, expanded final contract and derivation of all intermediate execution/output premises"
simplicity_subtract_64,core,C.jet_subtract_wide_layout.subtract64_local_spec,,pending-evidence-cross-reference,,"Attach canonical program/type/domain comparison, expanded final contract and derivation of all intermediate execution/output premises"
simplicity_negate_8,core,C.jet_borrow_unary8_layout.negate8_local_spec,,pending-evidence-cross-reference,,"Attach canonical program/type/domain comparison, expanded final contract and derivation of all intermediate execution/output premises"
simplicity_negate_16,core,C.jet_borrow_unary_wide_layout.negate16_local_spec,,pending-evidence-cross-reference,,"Attach canonical program/type/domain comparison, expanded final contract and derivation of all intermediate execution/output premises"
simplicity_negate_32,core,C.jet_borrow_unary_wide_layout.negate32_local_spec,,pending-evidence-cross-reference,,"Attach canonical program/type/domain comparison, expanded final contract and derivation of all intermediate execution/output premises"
simplicity_negate_64,core,C.jet_borrow_unary_wide_layout.negate64_local_spec,,pending-evidence-cross-reference,,"Attach canonical program/type/domain comparison, expanded final contract and derivation of all intermediate execution/output premises"
simplicity_full_decrement_8,core,C.jet_full_decrement8_layout.full_decrement8_local_spec,,pending-evidence-cross-reference,,"Attach canonical program/type/domain comparison, expanded final contract and derivation of all intermediate execution/output premises"
simplicity_full_decrement_16,core,C.jet_full_decrement_wide_layout.full_decrement16_local_spec,,pending-evidence-cross-reference,,"Attach canonical program/type/domain comparison, expanded final contract and derivation of all intermediate execution/output premises"
simplicity_full_decrement_32,core,C.jet_full_decrement_wide_layout.full_decrement32_local_spec,,pending-evidence-cross-reference,,"Attach canonical program/type/domain comparison, expanded final contract and derivation of all intermediate execution/output premises"
simplicity_full_decrement_64,core,C.jet_full_decrement_wide_layout.full_decrement64_local_spec,,pending-evidence-cross-reference,,"Attach canonical program/type/domain comparison, expanded final contract and derivation of all intermediate execution/output premises"
simplicity_decrement_8,core,C.jet_borrow_unary8_layout.decrement8_local_spec,,pending-evidence-cross-reference,,"Attach canonical program/type/domain comparison, expanded final contract and derivation of all intermediate execution/output premises"
simplicity_decrement_16,core,C.jet_borrow_unary_wide_layout.decrement16_local_spec,,pending-evidence-cross-reference,,"Attach canonical program/type/domain comparison, expanded final contract and derivation of all intermediate execution/output premises"
simplicity_decrement_32,core,C.jet_borrow_unary_wide_layout.decrement32_local_spec,,pending-evidence-cross-reference,,"Attach canonical program/type/domain comparison, expanded final contract and derivation of all intermediate execution/output premises"
simplicity_decrement_64,core,C.jet_borrow_unary_wide_layout.decrement64_local_spec,,pending-evidence-cross-reference,,"Attach canonical program/type/domain comparison, expanded final contract and derivation of all intermediate execution/output premises"
simplicity_full_subtract_8,core,C.jet_full_subtract8_layout.full_subtract8_local_spec,,pending-evidence-cross-reference,,"Attach canonical program/type/domain comparison, expanded final contract and derivation of all intermediate execution/output premises"
simplicity_full_subtract_16,core,C.jet_full_subtract_wide_layout.full_subtract16_local_spec,,pending-evidence-cross-reference,,"Attach canonical program/type/domain comparison, expanded final contract and derivation of all intermediate execution/output premises"
simplicity_full_subtract_32,core,C.jet_full_subtract_wide_layout.full_subtract32_local_spec,,pending-evidence-cross-reference,,"Attach canonical program/type/domain comparison, expanded final contract and derivation of all intermediate execution/output premises"
simplicity_full_subtract_64,core,C.jet_full_subtract_wide_layout.full_subtract64_local_spec,,pending-evidence-cross-reference,,"Attach canonical program/type/domain comparison, expanded final contract and derivation of all intermediate execution/output premises"
simplicity_multiply_8,core,C.jet_multiply8_layout.multiply8_local_spec,,pending-evidence-cross-reference,,"Attach canonical program/type/domain comparison, expanded final contract and derivation of all intermediate execution/output premises"
simplicity_multiply_16,core,C.jet_multiply_wide_layout.multiply16_local_spec,,pending-evidence-cross-reference,,"Attach canonical program/type/domain comparison, expanded final contract and derivation of all intermediate execution/output premises"
simplicity_multiply_32,core,C.jet_multiply_wide_layout.multiply32_local_spec,,pending-evidence-cross-reference,,"Attach canonical program/type/domain comparison, expanded final contract and derivation of all intermediate execution/output premises"
simplicity_multiply_64,core,C.jet_multiply64_layout.multiply64_local_spec,,pending-evidence-cross-reference,,"Attach canonical program/type/domain comparison, expanded final contract and derivation of all intermediate execution/output premises"
simplicity_full_multiply_8,core,C.jet_full_multiply8_layout.full_multiply8_local_spec,,pending-evidence-cross-reference,,"Attach canonical program/type/domain comparison, expanded final contract and derivation of all intermediate execution/output premises"
simplicity_full_multiply_16,core,C.jet_full_multiply_wide_layout.full_multiply16_local_spec,,pending-evidence-cross-reference,,"Attach canonical program/type/domain comparison, expanded final contract and derivation of all intermediate execution/output premises"
simplicity_full_multiply_32,core,C.jet_full_multiply_wide_layout.full_multiply32_local_spec,,pending-evidence-cross-reference,,"Attach canonical program/type/domain comparison, expanded final contract and derivation of all intermediate execution/output premises"
simplicity_full_multiply_64,core,C.jet_full_multiply64_layout.full_multiply64_local_spec,,pending-evidence-cross-reference,,"Attach canonical program/type/domain comparison, expanded final contract and derivation of all intermediate execution/output premises"
simplicity_is_zero_8,core,C.jet_test_value8_layout.is_zero8_local_spec,,pending-evidence-cross-reference,,"Attach canonical program/type/domain comparison, expanded final contract and derivation of all intermediate execution/output premises"
simplicity_is_zero_16,core,C.jet_test_value_wide_layout.is_zero16_local_spec,,pending-evidence-cross-reference,,"Attach canonical program/type/domain comparison, expanded final contract and derivation of all intermediate execution/output premises"
simplicity_is_zero_32,core,C.jet_test_value_wide_layout.is_zero32_local_spec,,pending-evidence-cross-reference,,"Attach canonical program/type/domain comparison, expanded final contract and derivation of all intermediate execution/output premises"
simplicity_is_zero_64,core,C.jet_test_value_wide_layout.is_zero64_local_spec,,pending-evidence-cross-reference,,"Attach canonical program/type/domain comparison, expanded final contract and derivation of all intermediate execution/output premises"
simplicity_is_one_8,core,C.jet_test_value8_layout.is_one8_local_spec,,pending-evidence-cross-reference,,"Attach canonical program/type/domain comparison, expanded final contract and derivation of all intermediate execution/output premises"
simplicity_is_one_16,core,C.jet_test_value_wide_layout.is_one16_local_spec,,pending-evidence-cross-reference,,"Attach canonical program/type/domain comparison, expanded final contract and derivation of all intermediate execution/output premises"
simplicity_is_one_32,core,C.jet_test_value_wide_layout.is_one32_local_spec,,pending-evidence-cross-reference,,"Attach canonical program/type/domain comparison, expanded final contract and derivation of all intermediate execution/output premises"
simplicity_is_one_64,core,C.jet_test_value_wide_layout.is_one64_local_spec,,pending-evidence-cross-reference,,"Attach canonical program/type/domain comparison, expanded final contract and derivation of all intermediate execution/output premises"
simplicity_le_8,core,C.jet_order8_layout.le8_local_spec,,pending-evidence-cross-reference,,"Attach canonical program/type/domain comparison, expanded final contract and derivation of all intermediate execution/output premises"
simplicity_le_16,core,C.jet_order_wide_layout.le16_local_spec,,pending-evidence-cross-reference,,"Attach canonical program/type/domain comparison, expanded final contract and derivation of all intermediate execution/output premises"
simplicity_le_32,core,C.jet_order_wide_layout.le32_local_spec,,pending-evidence-cross-reference,,"Attach canonical program/type/domain comparison, expanded final contract and derivation of all intermediate execution/output premises"
simplicity_le_64,core,C.jet_order_wide_layout.le64_local_spec,,pending-evidence-cross-reference,,"Attach canonical program/type/domain comparison, expanded final contract and derivation of all intermediate execution/output premises"
simplicity_lt_8,core,C.jet_order8_layout.lt8_local_spec,,pending-evidence-cross-reference,,"Attach canonical program/type/domain comparison, expanded final contract and derivation of all intermediate execution/output premises"
simplicity_lt_16,core,C.jet_order_wide_layout.lt16_local_spec,,pending-evidence-cross-reference,,"Attach canonical program/type/domain comparison, expanded final contract and derivation of all intermediate execution/output premises"
simplicity_lt_32,core,C.jet_order_wide_layout.lt32_local_spec,,pending-evidence-cross-reference,,"Attach canonical program/type/domain comparison, expanded final contract and derivation of all intermediate execution/output premises"
simplicity_lt_64,core,C.jet_order_wide_layout.lt64_local_spec,,pending-evidence-cross-reference,,"Attach canonical program/type/domain comparison, expanded final contract and derivation of all intermediate execution/output premises"
simplicity_min_8,core,C.jet_minmax8_layout.min8_local_spec,,pending-evidence-cross-reference,,"Attach canonical program/type/domain comparison, expanded final contract and derivation of all intermediate execution/output premises"
simplicity_min_16,core,C.jet_minmax_wide_layout.min16_local_spec,,pending-evidence-cross-reference,,"Attach canonical program/type/domain comparison, expanded final contract and derivation of all intermediate execution/output premises"
simplicity_min_32,core,C.jet_minmax_wide_layout.min32_local_spec,,pending-evidence-cross-reference,,"Attach canonical program/type/domain comparison, expanded final contract and derivation of all intermediate execution/output premises"
simplicity_min_64,core,C.jet_minmax_wide_layout.min64_local_spec,,pending-evidence-cross-reference,,"Attach canonical program/type/domain comparison, expanded final contract and derivation of all intermediate execution/output premises"
simplicity_max_8,core,C.jet_minmax8_layout.max8_local_spec,,pending-evidence-cross-reference,,"Attach canonical program/type/domain comparison, expanded final contract and derivation of all intermediate execution/output premises"
simplicity_max_16,core,C.jet_minmax_wide_layout.max16_local_spec,,pending-evidence-cross-reference,,"Attach canonical program/type/domain comparison, expanded final contract and derivation of all intermediate execution/output premises"
simplicity_max_32,core,C.jet_minmax_wide_layout.max32_local_spec,,pending-evidence-cross-reference,,"Attach canonical program/type/domain comparison, expanded final contract and derivation of all intermediate execution/output premises"
simplicity_max_64,core,C.jet_minmax_wide_layout.max64_local_spec,,pending-evidence-cross-reference,,"Attach canonical program/type/domain comparison, expanded final contract and derivation of all intermediate execution/output premises"
simplicity_median_8,core,C.jet_median8_layout.median8_local_spec,,pending-evidence-cross-reference,,"Attach canonical program/type/domain comparison, expanded final contract and derivation of all intermediate execution/output premises"
simplicity_median_16,core,C.jet_median_wide_layout.median16_local_spec,,pending-evidence-cross-reference,,"Attach canonical program/type/domain comparison, expanded final contract and derivation of all intermediate execution/output premises"
simplicity_median_32,core,C.jet_median_wide_layout.median32_local_spec,,pending-evidence-cross-reference,,"Attach canonical program/type/domain comparison, expanded final contract and derivation of all intermediate execution/output premises"
simplicity_median_64,core,C.jet_median_wide_layout.median64_local_spec,,pending-evidence-cross-reference,,"Attach canonical program/type/domain comparison, expanded final contract and derivation of all intermediate execution/output premises"
simplicity_div_mod_8,core,C.jet_divmod8_layout.divmod8_local_spec,,pending-evidence-cross-reference,,"Attach canonical program/type/domain comparison, expanded final contract and derivation of all intermediate execution/output premises"
simplicity_div_mod_16,core,C.jet_divmod_wide_layout.divmod16_local_spec,,pending-evidence-cross-reference,,"Attach canonical program/type/domain comparison, expanded final contract and derivation of all intermediate execution/output premises"
simplicity_div_mod_32,core,C.jet_divmod_wide_layout.divmod32_local_spec,,pending-evidence-cross-reference,,"Attach canonical program/type/domain comparison, expanded final contract and derivation of all intermediate execution/output premises"
simplicity_div_mod_64,core,C.jet_divmod_wide_layout.divmod64_local_spec,,pending-evidence-cross-reference,,"Attach canonical program/type/domain comparison, expanded final contract and derivation of all intermediate execution/output premises"
simplicity_divide_8,core,C.jet_division_layout.divide8_local_spec,,pending-evidence-cross-reference,,"Attach canonical program/type/domain comparison, expanded final contract and derivation of all intermediate execution/output premises"
simplicity_divide_16,core,C.jet_division_layout.divide16_local_spec,,pending-evidence-cross-reference,,"Attach canonical program/type/domain comparison, expanded final contract and derivation of all intermediate execution/output premises"
simplicity_divide_32,core,C.jet_division_layout.divide32_local_spec,,pending-evidence-cross-reference,,"Attach canonical program/type/domain comparison, expanded final contract and derivation of all intermediate execution/output premises"
simplicity_divide_64,core,C.jet_division_layout.divide64_local_spec,,pending-evidence-cross-reference,,"Attach canonical program/type/domain comparison, expanded final contract and derivation of all intermediate execution/output premises"
simplicity_modulo_8,core,C.jet_division_layout.modulo8_local_spec,,pending-evidence-cross-reference,,"Attach canonical program/type/domain comparison, expanded final contract and derivation of all intermediate execution/output premises"
simplicity_modulo_16,core,C.jet_division_layout.modulo16_local_spec,,pending-evidence-cross-reference,,"Attach canonical program/type/domain comparison, expanded final contract and derivation of all intermediate execution/output premises"
simplicity_modulo_32,core,C.jet_division_layout.modulo32_local_spec,,pending-evidence-cross-reference,,"Attach canonical program/type/domain comparison, expanded final contract and derivation of all intermediate execution/output premises"
simplicity_modulo_64,core,C.jet_division_layout.modulo64_local_spec,,pending-evidence-cross-reference,,"Attach canonical program/type/domain comparison, expanded final contract and derivation of all intermediate execution/output premises"
simplicity_divides_8,core,C.jet_divides8_layout.divides8_local_spec,,pending-evidence-cross-reference,,"Attach canonical program/type/domain comparison, expanded final contract and derivation of all intermediate execution/output premises"
simplicity_divides_16,core,C.jet_divides_wide_layout.divides16_local_spec,,pending-evidence-cross-reference,,"Attach canonical program/type/domain comparison, expanded final contract and derivation of all intermediate execution/output premises"
simplicity_divides_32,core,C.jet_divides_wide_layout.divides32_local_spec,,pending-evidence-cross-reference,,"Attach canonical program/type/domain comparison, expanded final contract and derivation of all intermediate execution/output premises"
simplicity_divides_64,core,C.jet_divides_wide_layout.divides64_local_spec,,pending-evidence-cross-reference,,"Attach canonical program/type/domain comparison, expanded final contract and derivation of all intermediate execution/output premises"
simplicity_div_mod_128_64,core,C.jet_divmod128_layout.divmod128_local_spec,,pending-evidence-cross-reference,,"Attach canonical program/type/domain comparison, expanded final contract and derivation of all intermediate execution/output premises"
simplicity_sha_256_iv,core,C.jet_sha256_iv_layout.sha256_iv_local_spec,,pending-evidence-cross-reference,,"Attach canonical program/type/domain comparison, expanded final contract and derivation of all intermediate execution/output premises"
simplicity_sha_256_block,core,,,missing-final-contract,,Canonical fidelity review and complete original-C jet contract
simplicity_sha_256_ctx_8_init,core,C.jet_sha256_ctx8_init_layout.sha256_ctx8_init_local_spec,,pending-evidence-cross-reference,,"Attach canonical program/type/domain comparison, expanded final contract and derivation of all intermediate execution/output premises"
simplicity_sha_256_ctx_8_add_1,core,,,missing-final-contract,,Canonical fidelity review and complete original-C jet contract
simplicity_sha_256_ctx_8_add_2,core,,,missing-final-contract,,Canonical fidelity review and complete original-C jet contract
simplicity_sha_256_ctx_8_add_4,core,,,missing-final-contract,,Canonical fidelity review and complete original-C jet contract
simplicity_sha_256_ctx_8_add_8,core,,,missing-final-contract,,Canonical fidelity review and complete original-C jet contract
simplicity_sha_256_ctx_8_add_16,core,,,missing-final-contract,,Canonical fidelity review and complete original-C jet contract
simplicity_sha_256_ctx_8_add_32,core,,,missing-final-contract,,Canonical fidelity review and complete original-C jet contract
simplicity_sha_256_ctx_8_add_64,core,,,missing-final-contract,,Canonical fidelity review and complete original-C jet contract
simplicity_sha_256_ctx_8_add_128,core,,,missing-final-contract,,Canonical fidelity review and complete original-C jet contract
simplicity_sha_256_ctx_8_add_256,core,,,missing-final-contract,,Canonical fidelity review and complete original-C jet contract
simplicity_sha_256_ctx_8_add_512,core,,,missing-final-contract,,Canonical fidelity review and complete original-C jet contract
simplicity_sha_256_ctx_8_add_buffer_511,core,,,missing-final-contract,,Canonical fidelity review and complete original-C jet contract
simplicity_sha_256_ctx_8_finalize,core,,,missing-final-contract,,Canonical fidelity review and complete original-C jet contract
simplicity_fe_normalize,core,C.jet_secp_normalize_local.fe_normalize_local_spec,,prior-complete-chain-review,JET_ACCEPTANCE.md; JET_FIDELITY_REVIEW.md,Carry the prior canonical/read/write/public-lifecycle receipt into the exhaustive evidence matrix
simplicity_fe_negate,core,,,missing-final-contract,,Canonical fidelity review and complete original-C jet contract
simplicity_fe_add,core,,,missing-final-contract,,Canonical fidelity review and complete original-C jet contract
simplicity_fe_square,core,,,missing-final-contract,,Canonical fidelity review and complete original-C jet contract
simplicity_fe_multiply,core,,,missing-final-contract,,Canonical fidelity review and complete original-C jet contract
simplicity_fe_multiply_beta,core,,,missing-final-contract,,Canonical fidelity review and complete original-C jet contract
simplicity_fe_invert,core,,,missing-final-contract,,Canonical fidelity review and complete original-C jet contract
simplicity_fe_square_root,core,,,missing-final-contract,,Canonical fidelity review and complete original-C jet contract
simplicity_fe_is_zero,core,,,missing-final-contract,,Canonical fidelity review and complete original-C jet contract
simplicity_fe_is_odd,core,,,missing-final-contract,,Canonical fidelity review and complete original-C jet contract
simplicity_scalar_normalize,core,,,missing-final-contract,,Canonical fidelity review and complete original-C jet contract
simplicity_scalar_negate,core,,,missing-final-contract,,Canonical fidelity review and complete original-C jet contract
simplicity_scalar_add,core,,,missing-final-contract,,Canonical fidelity review and complete original-C jet contract
simplicity_scalar_square,core,,,missing-final-contract,,Canonical fidelity review and complete original-C jet contract
simplicity_scalar_multiply,core,,,missing-final-contract,,Canonical fidelity review and complete original-C jet contract
simplicity_scalar_multiply_lambda,core,,,missing-final-contract,,Canonical fidelity review and complete original-C jet contract
simplicity_scalar_invert,core,,,missing-final-contract,,Canonical fidelity review and complete original-C jet contract
simplicity_scalar_is_zero,core,,,missing-final-contract,,Canonical fidelity review and complete original-C jet contract
simplicity_gej_infinity,core,,,missing-final-contract,,Canonical fidelity review and complete original-C jet contract
simplicity_gej_rescale,core,,,missing-final-contract,,Canonical fidelity review and complete original-C jet contract
simplicity_gej_normalize,core,,,missing-final-contract,,Canonical fidelity review and complete original-C jet contract
simplicity_gej_negate,core,,,missing-final-contract,,Canonical fidelity review and complete original-C jet contract
simplicity_ge_negate,core,,,missing-final-contract,,Canonical fidelity review and complete original-C jet contract
simplicity_gej_double,core,,,missing-final-contract,,Canonical fidelity review and complete original-C jet contract
simplicity_gej_add,core,,,missing-final-contract,,Canonical fidelity review and complete original-C jet contract
simplicity_gej_ge_add_ex,core,,,missing-final-contract,,Canonical fidelity review and complete original-C jet contract
simplicity_gej_ge_add,core,,,missing-final-contract,,Canonical fidelity review and complete original-C jet contract
simplicity_gej_is_infinity,core,,,missing-final-contract,,Canonical fidelity review and complete original-C jet contract
simplicity_gej_equiv,core,,,missing-final-contract,,Canonical fidelity review and complete original-C jet contract
simplicity_gej_ge_equiv,core,,,missing-final-contract,,Canonical fidelity review and complete original-C jet contract
simplicity_gej_x_equiv,core,,,missing-final-contract,,Canonical fidelity review and complete original-C jet contract
simplicity_gej_y_is_odd,core,,,missing-final-contract,,Canonical fidelity review and complete original-C jet contract
simplicity_gej_is_on_curve,core,,,missing-final-contract,,Canonical fidelity review and complete original-C jet contract
simplicity_ge_is_on_curve,core,,,missing-final-contract,,Canonical fidelity review and complete original-C jet contract
simplicity_off_curve_scale,core,,,missing-final-contract,,Canonical fidelity review and complete original-C jet contract
simplicity_scale,core,,,missing-final-contract,,Canonical fidelity review and complete original-C jet contract
simplicity_generate,core,,,missing-final-contract,,Canonical fidelity review and complete original-C jet contract
simplicity_off_curve_linear_combination_1,core,,,missing-final-contract,,Canonical fidelity review and complete original-C jet contract
simplicity_linear_combination_1,core,,,missing-final-contract,,Canonical fidelity review and complete original-C jet contract
simplicity_linear_verify_1,core,,,missing-final-contract,,Canonical fidelity review and complete original-C jet contract
simplicity_decompress,core,,,missing-final-contract,,Canonical fidelity review and complete original-C jet contract
simplicity_point_verify_1,core,,,missing-final-contract,,Canonical fidelity review and complete original-C jet contract
simplicity_swu,core,,,missing-final-contract,,Canonical fidelity review and complete original-C jet contract
simplicity_hash_to_curve,core,,,missing-final-contract,,Canonical fidelity review and complete original-C jet contract
simplicity_check_sig_verify,core,,,missing-final-contract,,Canonical fidelity review and complete original-C jet contract
simplicity_bip_0340_verify,core,,,missing-final-contract,,Canonical fidelity review and complete original-C jet contract
simplicity_parse_lock,core,C.jet_parse_lock_layout.parse_lock_local_spec,,pending-evidence-cross-reference,,"Attach canonical program/type/domain comparison, expanded final contract and derivation of all intermediate execution/output premises"
simplicity_parse_sequence,core,C.jet_parse_sequence_layout.parse_sequence_local_spec,,pending-evidence-cross-reference,,"Attach canonical program/type/domain comparison, expanded final contract and derivation of all intermediate execution/output premises"
simplicity_tapdata_init,core,,,missing-final-contract,,Canonical fidelity review and complete original-C jet contract
simplicity_bitcoin_version,bitcoin,C.jet_bitcoin_version_local.bitcoin_version_local_spec,,reviewed-local-contract,JET_BITCOIN_SIMPLE_GETTERS_REVIEW.md,Explicit initial environment/frame representations; constructor establishment and general memory-contract admissibility remain outside this local chain review
simplicity_bitcoin_lock_time,bitcoin,C.jet_bitcoin_locktime_local.bitcoin_locktime_local_spec,,reviewed-local-contract,JET_BITCOIN_SIMPLE_GETTERS_REVIEW.md,Explicit initial environment/frame representations; constructor establishment and general memory-contract admissibility remain outside this local chain review
simplicity_bitcoin_input_prev_outpoint,bitcoin,C.jet_bitcoin_indexed_ptr_jets.bitcoin_input_prev_outpoint_local_spec,,pending-evidence-cross-reference,,"Attach canonical program/type/domain comparison, expanded final contract and derivation of all intermediate execution/output premises"
simplicity_bitcoin_input_value,bitcoin,C.jet_bitcoin_input_value_local.bitcoin_input_value_local_spec,,pending-evidence-cross-reference,,"Attach canonical program/type/domain comparison, expanded final contract and derivation of all intermediate execution/output premises"
simplicity_bitcoin_input_script_hash,bitcoin,C.jet_bitcoin_raw_jets.bitcoin_input_script_hash_raw_local_spec,,pending-evidence-cross-reference,,"Attach canonical program/type/domain comparison, expanded final contract and derivation of all intermediate execution/output premises"
simplicity_bitcoin_input_sequence,bitcoin,C.jet_bitcoin_indexed_scalar_jets.bitcoin_input_sequence_local_spec,,pending-evidence-cross-reference,,"Attach canonical program/type/domain comparison, expanded final contract and derivation of all intermediate execution/output premises"
simplicity_bitcoin_input_annex_hash,bitcoin,C.jet_bitcoin_raw_jets.bitcoin_input_annex_hash_raw_local_spec,,pending-evidence-cross-reference,,"Attach canonical program/type/domain comparison, expanded final contract and derivation of all intermediate execution/output premises"
simplicity_bitcoin_input_script_sig_hash,bitcoin,C.jet_bitcoin_raw_jets.bitcoin_input_script_sig_hash_raw_local_spec,,pending-evidence-cross-reference,,"Attach canonical program/type/domain comparison, expanded final contract and derivation of all intermediate execution/output premises"
simplicity_bitcoin_output_value,bitcoin,C.jet_bitcoin_indexed_scalar_jets.bitcoin_output_value_local_spec,,pending-evidence-cross-reference,,"Attach canonical program/type/domain comparison, expanded final contract and derivation of all intermediate execution/output premises"
simplicity_bitcoin_output_script_hash,bitcoin,C.jet_bitcoin_indexed_ptr_jets.bitcoin_output_script_hash_local_spec,,pending-evidence-cross-reference,,"Attach canonical program/type/domain comparison, expanded final contract and derivation of all intermediate execution/output premises"
simplicity_bitcoin_fee,bitcoin,C.jet_bitcoin_fee_local.bitcoin_fee_local_spec,,reviewed-local-contract,JET_BITCOIN_TIMELOCK_VALUE_REVIEW.md,Initial environment/cache representation is explicit; constructor establishment is outside this local jet theorem
simplicity_bitcoin_total_input_value,bitcoin,C.jet_bitcoin_totals_local.bitcoin_total_input_value_local_spec,,reviewed-local-contract,JET_BITCOIN_TIMELOCK_VALUE_REVIEW.md,Initial environment/cache representation is explicit; constructor establishment is outside this local jet theorem
simplicity_bitcoin_total_output_value,bitcoin,C.jet_bitcoin_totals_local.bitcoin_total_output_value_local_spec,,reviewed-local-contract,JET_BITCOIN_TIMELOCK_VALUE_REVIEW.md,Initial environment/cache representation is explicit; constructor establishment is outside this local jet theorem
simplicity_bitcoin_script_cmr,bitcoin,C.jet_bitcoin_script_cmr_local.bitcoin_script_cmr_local_spec,,reviewed-local-contract,JET_BITCOIN_SIMPLE_GETTERS_REVIEW.md,Explicit initial environment/frame representations; constructor establishment and general memory-contract admissibility remain outside this local chain review
simplicity_bitcoin_transaction_id,bitcoin,C.jet_bitcoin_raw_jets.bitcoin_transaction_id_raw_local_spec,,pending-evidence-cross-reference,,"Attach canonical program/type/domain comparison, expanded final contract and derivation of all intermediate execution/output premises"
simplicity_bitcoin_current_index,bitcoin,C.jet_bitcoin_current_index_local.bitcoin_current_index_local_spec,,reviewed-local-contract,JET_BITCOIN_SIMPLE_GETTERS_REVIEW.md,Explicit initial environment/frame representations; constructor establishment and general memory-contract admissibility remain outside this local chain review
simplicity_bitcoin_current_prev_outpoint,bitcoin,C.jet_bitcoin_current_ptr_jets.bitcoin_current_prev_outpoint_local_spec,,pending-evidence-cross-reference,,"Attach canonical program/type/domain comparison, expanded final contract and derivation of all intermediate execution/output premises"
simplicity_bitcoin_current_value,bitcoin,C.jet_bitcoin_current_jets.bitcoin_current_value_local_spec,,pending-evidence-cross-reference,,"Attach canonical program/type/domain comparison, expanded final contract and derivation of all intermediate execution/output premises"
simplicity_bitcoin_current_script_hash,bitcoin,C.jet_bitcoin_raw_jets.bitcoin_current_script_hash_raw_local_spec,,pending-evidence-cross-reference,,"Attach canonical program/type/domain comparison, expanded final contract and derivation of all intermediate execution/output premises"
simplicity_bitcoin_current_sequence,bitcoin,C.jet_bitcoin_current_jets.bitcoin_current_sequence_local_spec,,pending-evidence-cross-reference,,"Attach canonical program/type/domain comparison, expanded final contract and derivation of all intermediate execution/output premises"
simplicity_bitcoin_current_annex_hash,bitcoin,C.jet_bitcoin_raw_jets.bitcoin_current_annex_hash_raw_local_spec,,pending-evidence-cross-reference,,"Attach canonical program/type/domain comparison, expanded final contract and derivation of all intermediate execution/output premises"
simplicity_bitcoin_current_script_sig_hash,bitcoin,C.jet_bitcoin_raw_jets.bitcoin_current_script_sig_hash_raw_local_spec,,pending-evidence-cross-reference,,"Attach canonical program/type/domain comparison, expanded final contract and derivation of all intermediate execution/output premises"
simplicity_bitcoin_tapleaf_version,bitcoin,C.jet_bitcoin_raw_jets.bitcoin_tapleaf_version_raw_local_spec,,pending-evidence-cross-reference,,"Attach canonical program/type/domain comparison, expanded final contract and derivation of all intermediate execution/output premises"
simplicity_bitcoin_tappath,bitcoin,C.jet_bitcoin_raw_jets.bitcoin_tappath_raw_local_spec,,pending-evidence-cross-reference,,"Attach canonical program/type/domain comparison, expanded final contract and derivation of all intermediate execution/output premises"
simplicity_bitcoin_internal_key,bitcoin,C.jet_bitcoin_raw_jets.bitcoin_internal_key_raw_local_spec,,pending-evidence-cross-reference,,"Attach canonical program/type/domain comparison, expanded final contract and derivation of all intermediate execution/output premises"
simplicity_bitcoin_num_inputs,bitcoin,C.jet_bitcoin_count_local.bitcoin_num_inputs_local_spec,,reviewed-local-contract,JET_BITCOIN_SIMPLE_GETTERS_REVIEW.md,Explicit initial environment/frame representations; constructor establishment and general memory-contract admissibility remain outside this local chain review
simplicity_bitcoin_num_outputs,bitcoin,C.jet_bitcoin_count_local.bitcoin_num_outputs_local_spec,,reviewed-local-contract,JET_BITCOIN_SIMPLE_GETTERS_REVIEW.md,Explicit initial environment/frame representations; constructor establishment and general memory-contract admissibility remain outside this local chain review
simplicity_bitcoin_tx_is_final,bitcoin,C.jet_bitcoin_is_final_local.bitcoin_tx_is_final_local_spec,,reviewed-local-contract,JET_BITCOIN_TIMELOCK_VALUE_REVIEW.md,Initial environment/cache representation is explicit; constructor establishment is outside this local jet theorem
simplicity_bitcoin_tx_lock_height,bitcoin,C.jet_bitcoin_lock_local.bitcoin_tx_lock_height_local_spec,,reviewed-local-contract,JET_BITCOIN_TIMELOCK_VALUE_REVIEW.md,Initial environment/cache representation is explicit; constructor establishment is outside this local jet theorem
simplicity_bitcoin_tx_lock_time,bitcoin,C.jet_bitcoin_lock_local.bitcoin_tx_lock_time_local_spec,,reviewed-local-contract,JET_BITCOIN_TIMELOCK_VALUE_REVIEW.md,Initial environment/cache representation is explicit; constructor establishment is outside this local jet theorem
simplicity_bitcoin_tx_lock_distance,bitcoin,C.jet_bitcoin_distance_local.bitcoin_tx_lock_distance_local_spec,,reviewed-local-contract,JET_BITCOIN_TIMELOCK_VALUE_REVIEW.md,Initial environment/cache representation is explicit; constructor establishment is outside this local jet theorem
simplicity_bitcoin_tx_lock_duration,bitcoin,C.jet_bitcoin_distance_local.bitcoin_tx_lock_duration_local_spec,,reviewed-local-contract,JET_BITCOIN_TIMELOCK_VALUE_REVIEW.md,Initial environment/cache representation is explicit; constructor establishment is outside this local jet theorem
simplicity_bitcoin_check_lock_height,bitcoin,C.jet_bitcoin_check_lock.bitcoin_check_lock_height_local_spec,,reviewed-local-contract,JET_BITCOIN_TIMELOCK_VALUE_REVIEW.md,Initial environment/cache representation is explicit; constructor establishment is outside this local jet theorem
simplicity_bitcoin_check_lock_time,bitcoin,C.jet_bitcoin_check_lock.bitcoin_check_lock_time_local_spec,,reviewed-local-contract,JET_BITCOIN_TIMELOCK_VALUE_REVIEW.md,Initial environment/cache representation is explicit; constructor establishment is outside this local jet theorem
simplicity_bitcoin_check_lock_distance,bitcoin,C.jet_bitcoin_check_distance.bitcoin_check_lock_distance_local_spec,,reviewed-local-contract,JET_BITCOIN_TIMELOCK_VALUE_REVIEW.md,Initial environment/cache representation is explicit; constructor establishment is outside this local jet theorem
simplicity_bitcoin_check_lock_duration,bitcoin,C.jet_bitcoin_check_distance.bitcoin_check_lock_duration_local_spec,,reviewed-local-contract,JET_BITCOIN_TIMELOCK_VALUE_REVIEW.md,Initial environment/cache representation is explicit; constructor establishment is outside this local jet theorem
simplicity_bitcoin_build_tapleaf_simplicity,bitcoin,,,missing-final-contract,,Canonical fidelity review and complete original-C jet contract
simplicity_bitcoin_build_tapbranch,bitcoin,,,missing-final-contract,,Canonical fidelity review and complete original-C jet contract
simplicity_bitcoin_build_taptweak,bitcoin,,,missing-final-contract,,Canonical fidelity review and complete original-C jet contract
simplicity_bitcoin_outpoint_hash,bitcoin,,,missing-final-contract,,Canonical fidelity review and complete original-C jet contract
simplicity_bitcoin_annex_hash,bitcoin,,,missing-final-contract,,Canonical fidelity review and complete original-C jet contract
simplicity_bitcoin_output_values_hash,bitcoin,,,missing-final-contract,,Canonical fidelity review and complete original-C jet contract
simplicity_bitcoin_output_scripts_hash,bitcoin,,,missing-final-contract,,Canonical fidelity review and complete original-C jet contract
simplicity_bitcoin_outputs_hash,bitcoin,,,missing-final-contract,,Canonical fidelity review and complete original-C jet contract
simplicity_bitcoin_output_hash,bitcoin,,,missing-final-contract,,Canonical fidelity review and complete original-C jet contract
simplicity_bitcoin_input_outpoints_hash,bitcoin,,,missing-final-contract,,Canonical fidelity review and complete original-C jet contract
simplicity_bitcoin_input_values_hash,bitcoin,,,missing-final-contract,,Canonical fidelity review and complete original-C jet contract
simplicity_bitcoin_input_scripts_hash,bitcoin,,,missing-final-contract,,Canonical fidelity review and complete original-C jet contract
simplicity_bitcoin_input_utxos_hash,bitcoin,,,missing-final-contract,,Canonical fidelity review and complete original-C jet contract
simplicity_bitcoin_input_utxo_hash,bitcoin,,,missing-final-contract,,Canonical fidelity review and complete original-C jet contract
simplicity_bitcoin_input_sequences_hash,bitcoin,,,missing-final-contract,,Canonical fidelity review and complete original-C jet contract
simplicity_bitcoin_input_annexes_hash,bitcoin,,,missing-final-contract,,Canonical fidelity review and complete original-C jet contract
simplicity_bitcoin_input_script_sigs_hash,bitcoin,,,missing-final-contract,,Canonical fidelity review and complete original-C jet contract
simplicity_bitcoin_inputs_hash,bitcoin,,,missing-final-contract,,Canonical fidelity review and complete original-C jet contract
simplicity_bitcoin_input_hash,bitcoin,,,missing-final-contract,,Canonical fidelity review and complete original-C jet contract
simplicity_bitcoin_tx_hash,bitcoin,,,missing-final-contract,,Canonical fidelity review and complete original-C jet contract
simplicity_bitcoin_tapleaf_hash,bitcoin,,,missing-final-contract,,Canonical fidelity review and complete original-C jet contract
simplicity_bitcoin_tappath_hash,bitcoin,,,missing-final-contract,,Canonical fidelity review and complete original-C jet contract
simplicity_bitcoin_tap_env_hash,bitcoin,,,missing-final-contract,,Canonical fidelity review and complete original-C jet contract
simplicity_bitcoin_sig_all_hash,bitcoin,,,missing-final-contract,,Canonical fidelity review and complete original-C jet contract
simplicity_version,elements,,,missing-final-contract,,Canonical fidelity review and complete original-C jet contract
simplicity_lock_time,elements,,,missing-final-contract,,Canonical fidelity review and complete original-C jet contract
simplicity_input_pegin,elements,,,missing-final-contract,,Canonical fidelity review and complete original-C jet contract
simplicity_input_prev_outpoint,elements,,,missing-final-contract,,Canonical fidelity review and complete original-C jet contract
simplicity_input_asset,elements,,,missing-final-contract,,Canonical fidelity review and complete original-C jet contract
simplicity_input_amount,elements,,,missing-final-contract,,Canonical fidelity review and complete original-C jet contract
simplicity_input_script_hash,elements,,,missing-final-contract,,Canonical fidelity review and complete original-C jet contract
simplicity_input_sequence,elements,,,missing-final-contract,,Canonical fidelity review and complete original-C jet contract
simplicity_input_annex_hash,elements,,,missing-final-contract,,Canonical fidelity review and complete original-C jet contract
simplicity_input_script_sig_hash,elements,,,missing-final-contract,,Canonical fidelity review and complete original-C jet contract
simplicity_reissuance_blinding,elements,,,missing-final-contract,,Canonical fidelity review and complete original-C jet contract
simplicity_new_issuance_contract,elements,,,missing-final-contract,,Canonical fidelity review and complete original-C jet contract
simplicity_reissuance_entropy,elements,,,missing-final-contract,,Canonical fidelity review and complete original-C jet contract
simplicity_issuance_asset_amount,elements,,,missing-final-contract,,Canonical fidelity review and complete original-C jet contract
simplicity_issuance_token_amount,elements,,,missing-final-contract,,Canonical fidelity review and complete original-C jet contract
simplicity_issuance_asset_proof,elements,,,missing-final-contract,,Canonical fidelity review and complete original-C jet contract
simplicity_issuance_token_proof,elements,,,missing-final-contract,,Canonical fidelity review and complete original-C jet contract
simplicity_output_asset,elements,,,missing-final-contract,,Canonical fidelity review and complete original-C jet contract
simplicity_output_amount,elements,,,missing-final-contract,,Canonical fidelity review and complete original-C jet contract
simplicity_output_nonce,elements,,,missing-final-contract,,Canonical fidelity review and complete original-C jet contract
simplicity_output_script_hash,elements,,,missing-final-contract,,Canonical fidelity review and complete original-C jet contract
simplicity_output_null_datum,elements,,,missing-final-contract,,Canonical fidelity review and complete original-C jet contract
simplicity_output_is_fee,elements,,,missing-final-contract,,Canonical fidelity review and complete original-C jet contract
simplicity_output_surjection_proof,elements,,,missing-final-contract,,Canonical fidelity review and complete original-C jet contract
simplicity_output_range_proof,elements,,,missing-final-contract,,Canonical fidelity review and complete original-C jet contract
simplicity_total_fee,elements,,,missing-final-contract,,Canonical fidelity review and complete original-C jet contract
simplicity_genesis_block_hash,elements,,,missing-final-contract,,Canonical fidelity review and complete original-C jet contract
simplicity_script_cmr,elements,,,missing-final-contract,,Canonical fidelity review and complete original-C jet contract
simplicity_transaction_id,elements,,,missing-final-contract,,Canonical fidelity review and complete original-C jet contract
simplicity_current_index,elements,,,missing-final-contract,,Canonical fidelity review and complete original-C jet contract
simplicity_current_pegin,elements,,,missing-final-contract,,Canonical fidelity review and complete original-C jet contract
simplicity_current_prev_outpoint,elements,,,missing-final-contract,,Canonical fidelity review and complete original-C jet contract
simplicity_current_asset,elements,,,missing-final-contract,,Canonical fidelity review and complete original-C jet contract
simplicity_current_amount,elements,,,missing-final-contract,,Canonical fidelity review and complete original-C jet contract
simplicity_current_script_hash,elements,,,missing-final-contract,,Canonical fidelity review and complete original-C jet contract
simplicity_current_sequence,elements,,,missing-final-contract,,Canonical fidelity review and complete original-C jet contract
simplicity_current_reissuance_blinding,elements,,,missing-final-contract,,Canonical fidelity review and complete original-C jet contract
simplicity_current_new_issuance_contract,elements,,,missing-final-contract,,Canonical fidelity review and complete original-C jet contract
simplicity_current_reissuance_entropy,elements,,,missing-final-contract,,Canonical fidelity review and complete original-C jet contract
simplicity_current_issuance_asset_amount,elements,,,missing-final-contract,,Canonical fidelity review and complete original-C jet contract
simplicity_current_issuance_token_amount,elements,,,missing-final-contract,,Canonical fidelity review and complete original-C jet contract
simplicity_current_issuance_asset_proof,elements,,,missing-final-contract,,Canonical fidelity review and complete original-C jet contract
simplicity_current_issuance_token_proof,elements,,,missing-final-contract,,Canonical fidelity review and complete original-C jet contract
simplicity_current_annex_hash,elements,,,missing-final-contract,,Canonical fidelity review and complete original-C jet contract
simplicity_current_script_sig_hash,elements,,,missing-final-contract,,Canonical fidelity review and complete original-C jet contract
simplicity_tapleaf_version,elements,,,missing-final-contract,,Canonical fidelity review and complete original-C jet contract
simplicity_tappath,elements,,,missing-final-contract,,Canonical fidelity review and complete original-C jet contract
simplicity_internal_key,elements,,,missing-final-contract,,Canonical fidelity review and complete original-C jet contract
simplicity_num_inputs,elements,,,missing-final-contract,,Canonical fidelity review and complete original-C jet contract
simplicity_num_outputs,elements,,,missing-final-contract,,Canonical fidelity review and complete original-C jet contract
simplicity_tx_is_final,elements,,,missing-final-contract,,Canonical fidelity review and complete original-C jet contract
simplicity_tx_lock_height,elements,,,missing-final-contract,,Canonical fidelity review and complete original-C jet contract
simplicity_tx_lock_time,elements,,,missing-final-contract,,Canonical fidelity review and complete original-C jet contract
simplicity_broken_do_not_use_tx_lock_distance,elements,,,missing-final-contract,,Canonical fidelity review and complete original-C jet contract
simplicity_broken_do_not_use_tx_lock_duration,elements,,,missing-final-contract,,Canonical fidelity review and complete original-C jet contract
simplicity_check_lock_height,elements,,,missing-final-contract,,Canonical fidelity review and complete original-C jet contract
simplicity_check_lock_time,elements,,,missing-final-contract,,Canonical fidelity review and complete original-C jet contract
simplicity_broken_do_not_use_check_lock_distance,elements,,,missing-final-contract,,Canonical fidelity review and complete original-C jet contract
simplicity_broken_do_not_use_check_lock_duration,elements,,,missing-final-contract,,Canonical fidelity review and complete original-C jet contract
simplicity_calculate_issuance_entropy,elements,,,missing-final-contract,,Canonical fidelity review and complete original-C jet contract
simplicity_calculate_asset,elements,,,missing-final-contract,,Canonical fidelity review and complete original-C jet contract
simplicity_calculate_explicit_token,elements,,,missing-final-contract,,Canonical fidelity review and complete original-C jet contract
simplicity_calculate_confidential_token,elements,,,missing-final-contract,,Canonical fidelity review and complete original-C jet contract
simplicity_lbtc_asset,elements,,,missing-final-contract,,Canonical fidelity review and complete original-C jet contract
simplicity_build_tapleaf_simplicity,elements,,,missing-final-contract,,Canonical fidelity review and complete original-C jet contract
simplicity_build_tapbranch,elements,,,missing-final-contract,,Canonical fidelity review and complete original-C jet contract
simplicity_build_taptweak,elements,,,missing-final-contract,,Canonical fidelity review and complete original-C jet contract
simplicity_outpoint_hash,elements,,,missing-final-contract,,Canonical fidelity review and complete original-C jet contract
simplicity_asset_amount_hash,elements,,,missing-final-contract,,Canonical fidelity review and complete original-C jet contract
simplicity_nonce_hash,elements,,,missing-final-contract,,Canonical fidelity review and complete original-C jet contract
simplicity_annex_hash,elements,,,missing-final-contract,,Canonical fidelity review and complete original-C jet contract
simplicity_issuance,elements,,,missing-final-contract,,Canonical fidelity review and complete original-C jet contract
simplicity_issuance_entropy,elements,,,missing-final-contract,,Canonical fidelity review and complete original-C jet contract
simplicity_issuance_asset,elements,,,missing-final-contract,,Canonical fidelity review and complete original-C jet contract
simplicity_issuance_token,elements,,,missing-final-contract,,Canonical fidelity review and complete original-C jet contract
simplicity_output_amounts_hash,elements,,,missing-final-contract,,Canonical fidelity review and complete original-C jet contract
simplicity_output_nonces_hash,elements,,,missing-final-contract,,Canonical fidelity review and complete original-C jet contract
simplicity_output_scripts_hash,elements,,,missing-final-contract,,Canonical fidelity review and complete original-C jet contract
simplicity_output_range_proofs_hash,elements,,,missing-final-contract,,Canonical fidelity review and complete original-C jet contract
simplicity_output_surjection_proofs_hash,elements,,,missing-final-contract,,Canonical fidelity review and complete original-C jet contract
simplicity_outputs_hash,elements,,,missing-final-contract,,Canonical fidelity review and complete original-C jet contract
simplicity_output_hash,elements,,,missing-final-contract,,Canonical fidelity review and complete original-C jet contract
simplicity_input_outpoints_hash,elements,,,missing-final-contract,,Canonical fidelity review and complete original-C jet contract
simplicity_input_amounts_hash,elements,,,missing-final-contract,,Canonical fidelity review and complete original-C jet contract
simplicity_input_scripts_hash,elements,,,missing-final-contract,,Canonical fidelity review and complete original-C jet contract
simplicity_input_utxos_hash,elements,,,missing-final-contract,,Canonical fidelity review and complete original-C jet contract
simplicity_input_utxo_hash,elements,,,missing-final-contract,,Canonical fidelity review and complete original-C jet contract
simplicity_input_sequences_hash,elements,,,missing-final-contract,,Canonical fidelity review and complete original-C jet contract
simplicity_input_annexes_hash,elements,,,missing-final-contract,,Canonical fidelity review and complete original-C jet contract
simplicity_input_script_sigs_hash,elements,,,missing-final-contract,,Canonical fidelity review and complete original-C jet contract
simplicity_inputs_hash,elements,,,missing-final-contract,,Canonical fidelity review and complete original-C jet contract
simplicity_input_hash,elements,,,missing-final-contract,,Canonical fidelity review and complete original-C jet contract
simplicity_issuance_asset_amounts_hash,elements,,,missing-final-contract,,Canonical fidelity review and complete original-C jet contract
simplicity_issuance_token_amounts_hash,elements,,,missing-final-contract,,Canonical fidelity review and complete original-C jet contract
simplicity_issuance_range_proofs_hash,elements,,,missing-final-contract,,Canonical fidelity review and complete original-C jet contract
simplicity_issuance_blinding_entropy_hash,elements,,,missing-final-contract,,Canonical fidelity review and complete original-C jet contract
simplicity_issuances_hash,elements,,,missing-final-contract,,Canonical fidelity review and complete original-C jet contract
simplicity_issuance_hash,elements,,,missing-final-contract,,Canonical fidelity review and complete original-C jet contract
simplicity_tx_hash,elements,,,missing-final-contract,,Canonical fidelity review and complete original-C jet contract
simplicity_tapleaf_hash,elements,,,missing-final-contract,,Canonical fidelity review and complete original-C jet contract
simplicity_tappath_hash,elements,,,missing-final-contract,,Canonical fidelity review and complete original-C jet contract
simplicity_tap_env_hash,elements,,,missing-final-contract,,Canonical fidelity review and complete original-C jet contract
simplicity_sig_all_hash,elements,,,missing-final-contract,,Canonical fidelity review and complete original-C jet contract
